﻿<?xml version="1.0" encoding="utf-8"?>
<!--

    This file is

    Copyright 2010,2011 Kevin Glynn (kevin.glynn@twigletsoftware.com)

-->
<Interface xmlns:xsi="http://www.w3.org/2001/XMLSchema-instance" xmlns:xsd="http://www.w3.org/2001/XMLSchema" xmlns="urn:www.twigletsoftware.com:schemas:txtemplate:1:0">
  <Imports>
    <Import>CS2JNet.System.Collections.ICollection</Import>
  </Imports>
  <Java>ICollection*[${T}]*</Java>
  <Name>System.Collections.Generic.ICollection</Name>
  <TypeParams>
    <Name>T</Name>
  </TypeParams>
  <Inherits>
    <Type>&gt;System.Collections.Generic.IEnumerable*[T]*</Type>
  </Inherits>
  <Iterable>
    <ElementType>T</ElementType>
    <Java>${expr}</Java>
  </Iterable>
  <Properties>
  </Properties>
  <Methods>
    <Method>
      <Imports />
      <Java>${this:16}.add(${arg})</Java>
      <Params>
        <Param>
          <Type>T</Type>
          <Name>arg</Name>
        </Param>
      </Params>
      <Name>Add</Name>
      <Return>System.Int32</Return>
    </Method>
  </Methods>
<Signature xmlns="http://www.w3.org/2000/09/xmldsig#"><SignedInfo><CanonicalizationMethod Algorithm="http://www.w3.org/TR/2001/REC-xml-c14n-20010315" /><SignatureMethod Algorithm="http://www.w3.org/2000/09/xmldsig#rsa-sha1" /><Reference URI=""><Transforms><Transform Algorithm="http://www.w3.org/2000/09/xmldsig#enveloped-signature" /></Transforms><DigestMethod Algorithm="http://www.w3.org/2000/09/xmldsig#sha1" /><DigestValue>3A2ryYn5HIN2/ICMFxG9LjS640c=</DigestValue></Reference></SignedInfo><SignatureValue>B52dANJCaLIRSa1AryliKOjKJbm7+6AyyyTCJ6RiRR76na6gNVJ4uDLlM6y/De8Ud6OwVCokZrmycRKWHhGvxufYv4HPKMDciPBlQbw3CnTt1AxLWkKLgXdcjYnBF7WR9Hemk7PgbE/hFfCavgMIq9E+42QrdXT3cKxFWBHfZ2Y=</SignatureValue></Signature></Interface>
