﻿<?xml version="1.0" encoding="utf-8"?>
<!--

    This file is

    Copyright 2010,2011 Kevin Glynn (kevin.glynn@twigletsoftware.com)

-->
<Interface xmlns:xsi="http://www.w3.org/2001/XMLSchema-instance" xmlns:xsd="http://www.w3.org/2001/XMLSchema" xmlns="urn:www.twigletsoftware.com:schemas:txtemplate:1:0">
  <Imports>
    <Import>CS2JNet.System.Collections.IEnumerable</Import>
  </Imports>
  <Java>IEnumerable*[${E}]*</Java>
  <Name>System.Collections.Generic.IEnumerable</Name>
  <TypeParams>
    <Name>E</Name>
  </TypeParams>
  <Iterable>
    <ElementType>E</ElementType>
    <Java>${expr}</Java>
  </Iterable>
  <Properties>
  </Properties>
  <Methods>
    <Method>
      <Java>${this:16}.GetEnumerator()</Java>
      <Params />
      <Name>GetEnumerator</Name>
      <Return>System.Collections.Generic.IEnumerator*[E]*</Return>
    </Method>
  </Methods>
<Signature xmlns="http://www.w3.org/2000/09/xmldsig#"><SignedInfo><CanonicalizationMethod Algorithm="http://www.w3.org/TR/2001/REC-xml-c14n-20010315" /><SignatureMethod Algorithm="http://www.w3.org/2000/09/xmldsig#rsa-sha1" /><Reference URI=""><Transforms><Transform Algorithm="http://www.w3.org/2000/09/xmldsig#enveloped-signature" /></Transforms><DigestMethod Algorithm="http://www.w3.org/2000/09/xmldsig#sha1" /><DigestValue>wLoyJFYOWU/g9aF2YOaGrd/r0tk=</DigestValue></Reference></SignedInfo><SignatureValue>Pn1IelTHcivEyVgXDzK995cTFBf60c88FlFehGdqld48kAjf1/Lw9GE9uLuog2EkAZDwZdiVri8TCuVxcQuqK3usLA2f9HXi6QGBpqgqEpCy9liqwVREXKEjx2XgDnhN1OsICXXxpIA80oCdA2GTvs0UV1fT6XzZMqoarfRWo3M=</SignatureValue></Signature></Interface>
