﻿<?xml version="1.0" encoding="utf-8"?>
<!--

    This file is

    Copyright 2007,2008,2009,2010 Rustici Software, LLC
    Copyright 2010,2011 Kevin Glynn (kevin.glynn@twigletsoftware.com)

-->
<Class xmlns:xsi="http://www.w3.org/2001/XMLSchema-instance" xmlns:xsd="http://www.w3.org/2001/XMLSchema" xmlns="urn:www.twigletsoftware.com:schemas:txtemplate:1:0">
  <Imports>
  </Imports>
  <Java>** NONE System.Net.WebRequest **</Java>
  <Name>System.Net.WebRequest</Name>
  <Uses />
  <Inherits>
    <Type>System.Object</Type>
  </Inherits>
  <Methods>
    <Method>
      <Imports />
      <Java>${requestUri}.toURL().openConnection()</Java>
      <Params>
        <Param>
          <Type>System.Uri</Type>
          <Name>requestUri</Name>
        </Param>
      </Params>
      <Name>Create</Name>
      <Return>System.Net.WebRequest</Return>
    </Method>
  </Methods>
  <Properties />
  <Events />
  <Indexers />
  <Constructors />
  <Fields />
  <Casts />
  <UnaryOps />
  <BinaryOps />
<Signature xmlns="http://www.w3.org/2000/09/xmldsig#"><SignedInfo><CanonicalizationMethod Algorithm="http://www.w3.org/TR/2001/REC-xml-c14n-20010315" /><SignatureMethod Algorithm="http://www.w3.org/2000/09/xmldsig#rsa-sha1" /><Reference URI=""><Transforms><Transform Algorithm="http://www.w3.org/2000/09/xmldsig#enveloped-signature" /></Transforms><DigestMethod Algorithm="http://www.w3.org/2000/09/xmldsig#sha1" /><DigestValue>X0Te0kF0bQpVtu2ER6E41XqhpRg=</DigestValue></Reference></SignedInfo><SignatureValue>QdFyAkw5bJCqmHpSw58PGosmU1qQgMI20taE9sVUGfLKhaF4Zmw5Pz+8BnIEB63NF8k52rJVUl5FvaNEtpitwAifY1q24LtN2AFwdT7oyYPxfdMKKM0Et06+K+q091emSRvCg8PRMfGf1mekvAPhjMFhcR0QPrrCGI00xTCMD24=</SignatureValue></Signature></Class>
