﻿<?xml version="1.0" encoding="utf-8"?>
<!--

    This file is

    Copyright 2007,2008,2009,2010 Rustici Software, LLC
    Copyright 2010,2011 Kevin Glynn (kevin.glynn@twigletsoftware.com)

-->
<Class xmlns:xsi="http://www.w3.org/2001/XMLSchema-instance" xmlns:xsd="http://www.w3.org/2001/XMLSchema" xmlns="urn:www.twigletsoftware.com:schemas:txtemplate:1:0">
  <Imports>
    <Import>java.util.ArrayList</Import>
  </Imports>
  <Java>ArrayList</Java>
  <Name>System.Collections.ArrayList</Name>
  <Uses />
  <Inherits>
    <Type>System.Collections.IList</Type>
    <Type>System.Collections.IEnumerable</Type>
    <Type>System.Collections.ICollection</Type>
  </Inherits>
  <Methods>
    <Method>
      <Imports />
      <Java>${this:16}.add(${arg})</Java>
      <Params>
        <Param>
          <Type>System.Object</Type>
          <Name>arg</Name>
        </Param>
      </Params>
      <Name>Add</Name>
      <Return>System.Int32</Return>
    </Method>
    <Method>
      <Imports>
        <Import>java.util.Arrays</Import>
      </Imports>
      <Java>${this:16}.addAll(Arrays.asList(${arg}))</Java>
      <Params>
        <Param>
          <Type>System.Object[]</Type>
          <Name>arg</Name>
        </Param>
      </Params>
      <Name>AddRange</Name>
      <Return>System.Void</Return>
    </Method>
    <Method>
      <Imports />
      <Java>${this:16}.addAll(${arg})</Java>
      <Params>
        <Param>
          <Type>System.Collections.ICollection</Type>
          <Name>arg</Name>
        </Param>
      </Params>
      <Name>AddRange</Name>
      <Return>System.Void</Return>
    </Method>
    <Method>
      <Imports />
      <Java>${this:16}.clear()</Java>
      <Params />
      <Name>Clear</Name>
      <Return>System.Void</Return>
    </Method>
    <Method>
      <Imports />
      <Java>${this:16}.contains(${key})</Java>
      <Params>
        <Param>
          <Type>System.Object</Type>
          <Name>key</Name>
        </Param>
      </Params>
      <Name>Contains</Name>
      <Return>System.Boolean</Return>
    </Method>
    <Method>
      <Imports />
      <Java>${this:16}.add(${index}, ${value})</Java>
      <Params>
        <Param>
          <Type>System.Int32</Type>
          <Name>index</Name>
        </Param>
        <Param>
          <Type>System.Object</Type>
          <Name>value</Name>
        </Param>
      </Params>
      <Name>Insert</Name>
      <Return>System.Void</Return>
    </Method>
    <Method>
      <Imports />
      <Java>${this:16}.remove(${value})</Java>
      <Params>
        <Param>
          <Type>System.Object</Type>
          <Name>value</Name>
        </Param>
      </Params>
      <Name>Remove</Name>
      <Return>System.Void</Return>
    </Method>
    <Method>
      <Imports />
      <Java>${this:16}.remove(${index})</Java>
      <Params>
        <Param>
          <Type>System.Int32</Type>
          <Name>index</Name>
        </Param>
      </Params>
      <Name>RemoveAt</Name>
      <Return>System.Void</Return>
    </Method>
    <Method>
      <Imports>
        <Import>CS2JNet.System.Collections.ArrayListSupport</Import>
      </Imports>
      <Java>ArrayListSupport.toArray(${this}, new ${TYPEOF_expr_TYPE}[0])</Java>
      <Params>
        <Param>
          <Type>System.Type</Type>
          <Name>TYPEOF_expr</Name>
        </Param>
      </Params>
      <Name>ToArray</Name>
      <Return>System.Object[]</Return>
    </Method>
    <Method>
      <Imports>
        <Import>java.util.Collections</Import>
      </Imports>
      <Java>Collections.sort(${this})</Java>
      <Params />
      <Name>Sort</Name>
      <Return>System.Void</Return>
    </Method>
  </Methods>
  <Properties>
    <Property>
      <Imports />
      <Java>${this:16}.size()</Java>
      <Type>System.Int32</Type>
      <Name>Count</Name>
      <Get>${this:16}.size()</Get>
      <Set>${this:16}.setCount(${value})</Set>
    </Property>
  </Properties>
  <Events />
  <Indexers>
    <Indexer>
      <Imports />
      <Params>
        <Param>
          <Type>System.Int32</Type>
          <Name>i</Name>
        </Param>
      </Params>
      <Type>System.Object</Type>
      <Get>${this:16}.get(${i})</Get>
      <Set>${this:16}.add(${i}, ${value})</Set>
    </Indexer>
  </Indexers>
  <Constructors>
    <Constructor>
      <Imports />
      <Java>new ArrayList()</Java>
      <Params />
    </Constructor>
    <Constructor>
      <Imports />
      <Java>new ArrayList(${length})</Java>
      <Params>
        <Param>
          <Type>System.Int32</Type>
          <Name>length</Name>
        </Param>
      </Params>
    </Constructor>
    <Constructor>
      <Imports>
        <Import>java.util.Arrays</Import>
      </Imports>
      <Java>new ArrayList(Arrays.asList(${collection}))</Java>
      <Params>
        <Param>
          <Type>System.Object[]</Type>
          <Name>collection</Name>
        </Param>
      </Params>
    </Constructor>
    <Constructor>
      <Imports />
      <Java>new ArrayList(${collection})</Java>
      <Params>
        <Param>
          <Type>System.Collections.ICollection</Type>
          <Name>collection</Name>
        </Param>
      </Params>
    </Constructor>
  </Constructors>
  <Fields />
  <Casts />
  <UnaryOps />
  <BinaryOps />
<Signature xmlns="http://www.w3.org/2000/09/xmldsig#"><SignedInfo><CanonicalizationMethod Algorithm="http://www.w3.org/TR/2001/REC-xml-c14n-20010315" /><SignatureMethod Algorithm="http://www.w3.org/2000/09/xmldsig#rsa-sha1" /><Reference URI=""><Transforms><Transform Algorithm="http://www.w3.org/2000/09/xmldsig#enveloped-signature" /></Transforms><DigestMethod Algorithm="http://www.w3.org/2000/09/xmldsig#sha1" /><DigestValue>gLYig4mGyArp7WBZouxhkR9f3mQ=</DigestValue></Reference></SignedInfo><SignatureValue>Kgts+e+7OzUNDdVVwbvPCS8LPoM7YNuWOWvt2+SvG988lDMfC7NDzkMzmaRzy8/lC5CRnxPP969do+GJOtFIE3EpaiWB3YD/mfYSwa89adKt2nNtHoNN5pkQ3nTYapEYtV2rZ80pUpKJPcjvTf3yqp5jA0txNEWAzQ9y/xFNZAw=</SignatureValue></Signature></Class>
