﻿<?xml version="1.0" encoding="utf-8"?>
<!--

    This file is

    Copyright 2007,2008,2009,2010 Rustici Software, LLC
    Copyright 2010,2011 Kevin Glynn (kevin.glynn@twigletsoftware.com)

-->
<Interface xmlns:xsi="http://www.w3.org/2001/XMLSchema-instance" xmlns:xsd="http://www.w3.org/2001/XMLSchema" xmlns="urn:www.twigletsoftware.com:schemas:txtemplate:1:0">
  <Imports>
    <Import>java.util.Collection</Import>
  </Imports>
  <Java>Collection</Java>
  <Name>System.Collections.ICollection</Name>
  <Uses />
  <Inherits> <Type>System.Object</Type> </Inherits>
  <Methods>
    <Method>
      <Imports>
        <Import>CS2JNet.JavaSupport.Collections.Generic.EnumeratorSupport</Import>
      </Imports>
      <Java>EnumeratorSupport.mk(${this:16}.iterator())</Java>
      <Params />
      <Name>GetEnumerator</Name>
      <Return>System.IEnumerator</Return>
    </Method>
  </Methods>
  <Properties>
    <Property>
      <Imports />
      <Java>${this:16}.size()</Java>
      <Type>System.Int32</Type>
      <Name>Count</Name>
      <Get>${this:16}.size()</Get>
      <Set>${this:16}.setCount(${value})</Set>
    </Property>
  </Properties>
  <Events />
  <Indexers />
<Signature xmlns="http://www.w3.org/2000/09/xmldsig#"><SignedInfo><CanonicalizationMethod Algorithm="http://www.w3.org/TR/2001/REC-xml-c14n-20010315" /><SignatureMethod Algorithm="http://www.w3.org/2000/09/xmldsig#rsa-sha1" /><Reference URI=""><Transforms><Transform Algorithm="http://www.w3.org/2000/09/xmldsig#enveloped-signature" /></Transforms><DigestMethod Algorithm="http://www.w3.org/2000/09/xmldsig#sha1" /><DigestValue>6gV7You6WIQBvjaQbSXW1A6CzNc=</DigestValue></Reference></SignedInfo><SignatureValue>Mt45VxyPfNFtMOXmD5RZkBNxjt1w/+wBCsgs/BnTzTPJSL/SKSJAQt7a7WbzDHTiBVaDmneuvPwX9eFpTIxvGNAYHQxepPMmuLemSQMWOCHsZYhvY4NrxprBLrLGgJ6rnGLVIds+edIhYumnkih3wmQlwx4enBXXlsUo/6BtmqM=</SignatureValue></Signature></Interface>
