﻿<?xml version="1.0" encoding="utf-8"?>
<!--

    This file is

    Copyright 2007,2008,2009,2010 Rustici Software, LLC
    Copyright 2010,2011 Kevin Glynn (kevin.glynn@twigletsoftware.com)

-->
<Class has_boxed_rep="true" xmlns:xsi="http://www.w3.org/2001/XMLSchema-instance" xmlns:xsd="http://www.w3.org/2001/XMLSchema" xmlns="urn:www.twigletsoftware.com:schemas:txtemplate:1:0">
  <Imports />
  <Java>char</Java>
  <BoxedJava>Character</BoxedJava>
  <Name>System.Char</Name>
  <Uses />
  <Inherits>
    <Type>System.IComparable</Type>
    <Type>System.IFormattable</Type>
    <Type>System.IConvertible</Type>
  </Inherits>
  <Methods>
    <Method>
      <Imports />
      <Java>String.valueOf(${this})</Java>
      <Params />
      <Name>ToString</Name>
      <Return>System.String</Return>
    </Method>
    <Method>
      <Imports />
      <Java>Character.isDigit(${ch})</Java>
      <Params>
        <Param>
          <Type>System.Char</Type>
          <Name>ch</Name>
        </Param>
      </Params>
      <Name>IsDigit</Name>
      <Return>System.Boolean</Return>
    </Method>
    <Method>
      <Imports />
      <Java>Character.isLetter(${ch})</Java>
      <Params>
        <Param>
          <Type>System.Char</Type>
          <Name>ch</Name>
        </Param>
      </Params>
      <Name>IsLetter</Name>
      <Return>System.Boolean</Return>
    </Method>
    <Method>
      <Imports />
      <Java>Character.isLetterOrDigit(${ch})</Java>
      <Params>
        <Param>
          <Type>System.Char</Type>
          <Name>ch</Name>
        </Param>
      </Params>
      <Name>IsLetterOrDigit</Name>
      <Return>System.Boolean</Return>
    </Method>
    <Method>
      <Imports />
      <Java>Character.isUpperCase(${ch})</Java>
      <Params>
        <Param>
          <Type>System.Char</Type>
          <Name>ch</Name>
        </Param>
      </Params>
      <Name>IsUpper</Name>
      <Return>System.Boolean</Return>
    </Method>
    <Method>
      <Imports />
      <Java>Character.isLowerCase(${ch})</Java>
      <Params>
        <Param>
          <Type>System.Char</Type>
          <Name>ch</Name>
        </Param>
      </Params>
      <Name>IsLower</Name>
      <Return>System.Boolean</Return>
    </Method>
    <Method>
      <Imports />
      <Java>Character.isWhitespace(${ch})</Java>
      <Params>
        <Param>
          <Type>System.Char</Type>
          <Name>ch</Name>
        </Param>
      </Params>
      <Name>IsWhiteSpace</Name>
      <Return>System.Boolean</Return>
    </Method>
    <Method>
      <Imports />
      <Java>Character.toUpperCase(${ch})</Java>
      <Params>
        <Param>
          <Type>System.Char</Type>
          <Name>ch</Name>
        </Param>
      </Params>
      <Name>ToUpper</Name>
      <Return>System.Char</Return>
    </Method>
    <Method>
      <Imports />
      <Java>Character.toLowerCase(${ch})</Java>
      <Params>
        <Param>
          <Type>System.Char</Type>
          <Name>ch</Name>
        </Param>
      </Params>
      <Name>ToLower</Name>
      <Return>System.Char</Return>
    </Method>
    <Method>
      <Imports />
      <Java>Character.toUpperCase(${ch})</Java>
      <Params>
        <Param>
          <Type>System.Char</Type>
          <Name>ch</Name>
        </Param>
      </Params>
      <Name>ToUpperInvariant</Name>
      <Return>System.Char</Return>
    </Method>
    <Method>
      <Imports />
      <Java>Character.toLowerCase(${ch})</Java>
      <Params>
        <Param>
          <Type>System.Char</Type>
          <Name>ch</Name>
        </Param>
      </Params>
      <Name>ToLowerInvariant</Name>
      <Return>System.Char</Return>
    </Method>
  </Methods>
  <Properties>
    <Property>
      <Imports />
      <Java>Character.MIN_VALUE</Java>
      <Type>System.Char</Type>
      <Name>MinValue</Name>
      <Get>Character.MIN_VALUE</Get>
      <Set>${this:16}.setMinValue(${value})</Set>
    </Property>
    <Property>
      <Imports />
      <Java>Character.MAX_VALUE</Java>
      <Type>System.Char</Type>
      <Name>MaxValue</Name>
      <Get>Character.MAX_VALUE</Get>
      <Set>${this:16}.setMaxValue(${value})</Set>
    </Property>
    <Property>
      <Imports />
      <Java>${this}</Java>
      <Type>System.Char</Type>
      <Name>Value</Name>
      <Get>${this}</Get>
      <Set>${this:16}.setValue(${value})</Set>
    </Property>
  </Properties>
  <Events />
  <Indexers />
  <Constructors />
  <Fields />
  <Casts />
  <UnaryOps />
  <BinaryOps />
<Signature xmlns="http://www.w3.org/2000/09/xmldsig#"><SignedInfo><CanonicalizationMethod Algorithm="http://www.w3.org/TR/2001/REC-xml-c14n-20010315" /><SignatureMethod Algorithm="http://www.w3.org/2000/09/xmldsig#rsa-sha1" /><Reference URI=""><Transforms><Transform Algorithm="http://www.w3.org/2000/09/xmldsig#enveloped-signature" /></Transforms><DigestMethod Algorithm="http://www.w3.org/2000/09/xmldsig#sha1" /><DigestValue>2w66mHHXc5HaS03p3rigGXV4OIw=</DigestValue></Reference></SignedInfo><SignatureValue>FCEiSQfcBZh8S+wnAIofNb4IPd4VwK5GuZEPZw3SgMBN/RySXlE/iwZxRYqYbphCcFYPcnd8y8yXMf3U09xzGsigAxLqbus91w0qG61k5zty3kk/0yXzB9f6iP4t3QU0poStknAf8Ekcl+fflQ9dz3qze1XIih7dZPhHNg5g+Mc=</SignatureValue></Signature></Class>
