﻿<?xml version="1.0" encoding="utf-8"?>
<!--

    This file is

    Copyright 2007,2008,2009,2010 Rustici Software, LLC
    Copyright 2010,2011 Kevin Glynn (kevin.glynn@twigletsoftware.com)

-->
<Class xmlns:xsi="http://www.w3.org/2001/XMLSchema-instance" xmlns:xsd="http://www.w3.org/2001/XMLSchema" xmlns="urn:www.twigletsoftware.com:schemas:txtemplate:1:0">
  <Imports />
  <Java>Console</Java>
  <Name>System.Console</Name>
  <Uses />
  <Inherits> <Type>System.Object</Type> </Inherits>
  <Methods>
    <Method>
      <Imports />
      <Java>System.out.print(${arg})</Java>
      <Params>
        <Param>
          <Type>System.Object</Type>
          <Name>arg</Name>
        </Param>
      </Params>
      <Name>Write</Name>
      <Return>System.Void</Return>
    </Method>
    <Method>
      <Imports>
        <Import>CS2JNet.System.StringSupport</Import>
      </Imports>
      <Java>System.out.printf(StringSupport.CSFmtStrToJFmtStr(${fmt})${,*]1})</Java>
      <Params>
        <Param>
          <Type>System.String</Type>
          <Name>fmt</Name>
        </Param>
      </Params>
      <ParamArray>
        <Type>System.Object[]</Type>
        <Name>arg</Name>
      </ParamArray>
      <Name>Write</Name>
      <Return>System.Void</Return>
    </Method>
    <Method>
      <Imports />
      <Java>System.out.println()</Java>
      <Params />
      <Name>WriteLine</Name>
      <Return>System.Void</Return>
    </Method>
    <Method>
      <Imports />
      <Java>System.out.println(${arg})</Java>
      <Params>
        <Param>
          <Type>System.Object</Type>
          <Name>arg</Name>
        </Param>
      </Params>
      <Name>WriteLine</Name>
      <Return>System.Void</Return>
    </Method>
    <Method>
      <Imports>
        <Import>CS2JNet.System.StringSupport</Import>
      </Imports>
      <Java>System.out.printf(StringSupport.CSFmtStrToJFmtStr(${fmt}) + "\n"${,*]1})</Java>
      <Params>
        <Param>
          <Type>System.String</Type>
          <Name>fmt</Name>
        </Param>
      </Params>
      <ParamArray>
        <Type>System.Object[]</Type>
        <Name>arg</Name>
      </ParamArray>
      <Name>WriteLine</Name>
      <Return>System.Void</Return>
    </Method>
  </Methods>
  <Properties>
    <Property>
      <Java>System.out</Java>
      <Type>System.IO.TextWriter</Type>
      <Name>Out</Name>
      <Get>System.out</Get>
    </Property>
  </Properties>
  <Events />
  <Indexers />
  <Constructors />
  <Fields />
  <Casts />
  <UnaryOps />
  <BinaryOps />
<Signature xmlns="http://www.w3.org/2000/09/xmldsig#"><SignedInfo><CanonicalizationMethod Algorithm="http://www.w3.org/TR/2001/REC-xml-c14n-20010315" /><SignatureMethod Algorithm="http://www.w3.org/2000/09/xmldsig#rsa-sha1" /><Reference URI=""><Transforms><Transform Algorithm="http://www.w3.org/2000/09/xmldsig#enveloped-signature" /></Transforms><DigestMethod Algorithm="http://www.w3.org/2000/09/xmldsig#sha1" /><DigestValue>aqhjF6CV9uEQE6FPLHZJ91B840M=</DigestValue></Reference></SignedInfo><SignatureValue>I+724xkA29chw4XrCI3qwZTLhO+pQsNyGLfCzcxOBwgNMfql0t+USsnJEAbML8jr98G1oZAm/gWNVQ1BigS0oRe7InXIQXqNm9Vc20FVa4bvYWANs/ANKG0fSkcFj9mbxmU14o4kw3SjUH02y4vI+03O9o+wIeCTDr/4NWk+07s=</SignatureValue></Signature></Class>
