﻿<?xml version="1.0" encoding="utf-8"?>
<!--

    This file is

    Copyright 2010,2011 Kevin Glynn (kevin.glynn@twigletsoftware.com)

-->
<Class xmlns:xsi="http://www.w3.org/2001/XMLSchema-instance" xmlns:xsd="http://www.w3.org/2001/XMLSchema" xmlns="urn:www.twigletsoftware.com:schemas:txtemplate:1:0">
  <Imports>
    <Import>CS2JNet.JavaSupport.language.EventArgs</Import>
  </Imports>
  <Java>EventArgs</Java>
  <Name>System.EventArgs</Name>
  <Uses />
  <Inherits>
    <Type>System.Object</Type>
  </Inherits>
  <Methods />
  <Properties>
  </Properties>
  <Events />
  <Indexers />
  <Constructors />
  <Fields />
  <Casts />
  <UnaryOps />
  <BinaryOps />
<Signature xmlns="http://www.w3.org/2000/09/xmldsig#"><SignedInfo><CanonicalizationMethod Algorithm="http://www.w3.org/TR/2001/REC-xml-c14n-20010315" /><SignatureMethod Algorithm="http://www.w3.org/2000/09/xmldsig#rsa-sha1" /><Reference URI=""><Transforms><Transform Algorithm="http://www.w3.org/2000/09/xmldsig#enveloped-signature" /></Transforms><DigestMethod Algorithm="http://www.w3.org/2000/09/xmldsig#sha1" /><DigestValue>10gQjwZURfUiWRQQZHHLhjzvyao=</DigestValue></Reference></SignedInfo><SignatureValue>LqaNkGhL5G8I7kNkIqKGWaU1y3aQS1NNeLnUK0bAhiQDk2aatsldV3RvSyA+sUyHJ/La+jYz5chPUmZusenax1EoM9CvvOoP9Uzpz4V4VtpWWBJr65Hc9rLhyfkgxoGgSnuvFOxxLVd/t1LqzE+SHlfgaxYTttwwIoSqHksEsAc=</SignatureValue></Signature></Class>
