﻿<?xml version="1.0" encoding="utf-8"?>
<!--

    This file is

    Copyright 2007,2008,2009,2010 Rustici Software, LLC
    Copyright 2010,2011 Kevin Glynn (kevin.glynn@twigletsoftware.com)

-->
<Class has_boxed_rep="true" xmlns:xsi="http://www.w3.org/2001/XMLSchema-instance" xmlns:xsd="http://www.w3.org/2001/XMLSchema" xmlns="urn:www.twigletsoftware.com:schemas:txtemplate:1:0">
  <Imports />
  <Java>long</Java>
  <BoxedJava>Long</BoxedJava>
  <Name>System.Int64</Name>
  <Uses />
  <Inherits>
    <Type>System.Number</Type>
    <Type>System.IComparable</Type>
    <Type>System.IFormattable</Type>
    <Type>System.IConvertible</Type>
  </Inherits>
  <Methods>
    <Method>
      <Imports />
      <Java>String.valueOf(${this})</Java>
      <Params />
      <Name>ToString</Name>
      <Return>System.String</Return>
    </Method>
    <Method>
      <Imports />
      <Java>Long.valueOf(${str})</Java>
      <Params>
        <Param>
          <Type>System.String</Type>
          <Name>str</Name>
        </Param>
      </Params>
      <Name>Parse</Name>
      <Return>System.Int64</Return>
    </Method>
    <Method>
      <Imports />
      <Java>String.valueOf(${this})</Java>
      <Params />
      <Name>ToString</Name>
      <Return>System.String</Return>
    </Method>
  </Methods>
  <Properties>
    <Property>
      <Imports />
      <Java>Long.MIN_VALUE</Java>
      <Type>System.Int64</Type>
      <Name>MinValue</Name>
      <Get>Long.MIN_VALUE</Get>
      <Set>${this:16}.setMinValue(${value})</Set>
    </Property>
    <Property>
      <Imports />
      <Java>Long.MAX_VALUE</Java>
      <Type>System.Int64</Type>
      <Name>MaxValue</Name>
      <Get>Long.MAX_VALUE</Get>
      <Set>${this:16}.setMaxValue(${value})</Set>
    </Property>
    <Property>
      <Imports />
      <Java>${this}</Java>
      <Type>System.Int64</Type>
      <Name>Value</Name>
      <Get>${this}</Get>
      <Set>${this:16}.setValue(${value})</Set>
    </Property>
  </Properties>
  <Events />
  <Indexers />
  <Constructors />
  <Fields />
  <Casts>
<!--
    <Cast>
      <Imports />
      <Java>((Number)${expr}).longValue()</Java>
      <From>System.Object</From>
      <To>System.Int64</To>
    </Cast>
-->
  </Casts>
  <UnaryOps />
  <BinaryOps />
<Signature xmlns="http://www.w3.org/2000/09/xmldsig#"><SignedInfo><CanonicalizationMethod Algorithm="http://www.w3.org/TR/2001/REC-xml-c14n-20010315" /><SignatureMethod Algorithm="http://www.w3.org/2000/09/xmldsig#rsa-sha1" /><Reference URI=""><Transforms><Transform Algorithm="http://www.w3.org/2000/09/xmldsig#enveloped-signature" /></Transforms><DigestMethod Algorithm="http://www.w3.org/2000/09/xmldsig#sha1" /><DigestValue>Xf+SFvlVg8GVEcL3Z1P+Hr4NMwI=</DigestValue></Reference></SignedInfo><SignatureValue>EgMQsoyU35YZR8xj3ZUKXidxdE5J4JEpXVYqurgAZ90lHadQA2TPQ2+/5GDQgQ218LGzTiJq/RPX1opTWCSo2IjwjQ7xewwSW9PV0wwsuK4oaRYdV9YQBvP2B374kVxoIdNPm4uv0H+7nAQOr4nVlPAekGowvkiMwcKuMUGbxU8=</SignatureValue></Signature></Class>
