﻿<?xml version="1.0" encoding="utf-8"?>
<!--

    This file is

    Copyright 2007,2008,2009,2010 Rustici Software, LLC
    Copyright 2010,2011 Kevin Glynn (kevin.glynn@twigletsoftware.com)

-->
<Class xmlns:xsi="http://www.w3.org/2001/XMLSchema-instance" xmlns:xsd="http://www.w3.org/2001/XMLSchema" xmlns="urn:www.twigletsoftware.com:schemas:txtemplate:1:0">
  <Imports>
    <Import>CS2JNet.System.NotImplementedException</Import>
  </Imports>
  <Java>NotImplementedException</Java>
  <Name>System.NotImplementedException</Name>
  <Uses />
  <Inherits>
    <Type>System.SystemException</Type>
  </Inherits>
  <Methods />
  <Properties />
  <Events />
  <Indexers />
  <Constructors>
    <Constructor>
      <Imports>
        <Import>CS2JNet.System.NotImplementedException</Import>
      </Imports>
      <Java>new NotImplementedException()</Java>
      <Params />
    </Constructor>
    <Constructor>
      <Imports>
        <Import>CS2JNet.System.NotImplementedException</Import>
      </Imports>
      <Java>new NotImplementedException(${message})</Java>
      <Params>
        <Param>
          <Type>System.String</Type>
          <Name>message</Name>
        </Param>
      </Params>
    </Constructor>
    <Constructor>
      <Imports>
        <Import>CS2JNet.System.NotImplementedException</Import>
      </Imports>
      <Java>new NotImplementedException(${message}, ${inner})</Java>
      <Params>
        <Param>
          <Type>System.String</Type>
          <Name>message</Name>
        </Param>
        <Param>
          <Type>System.Exception</Type>
          <Name>inner</Name>
        </Param>
      </Params>
    </Constructor>
  </Constructors>
  <Fields />
  <Casts />
  <UnaryOps />
  <BinaryOps />
<Signature xmlns="http://www.w3.org/2000/09/xmldsig#"><SignedInfo><CanonicalizationMethod Algorithm="http://www.w3.org/TR/2001/REC-xml-c14n-20010315" /><SignatureMethod Algorithm="http://www.w3.org/2000/09/xmldsig#rsa-sha1" /><Reference URI=""><Transforms><Transform Algorithm="http://www.w3.org/2000/09/xmldsig#enveloped-signature" /></Transforms><DigestMethod Algorithm="http://www.w3.org/2000/09/xmldsig#sha1" /><DigestValue>KcI+P0BknphXab7OR5y6jm2GJCg=</DigestValue></Reference></SignedInfo><SignatureValue>ZqFWB7mRD9pTQWcnoWMYvMivczfIy+SH2GsO7hpdJjnZsIghQmWil1U4AwvQ1zq1eb1y8QFn0jtuGtFaYM0zbGVqcVC6H1P45yI94GLBUjieQe+8AiyNnekybPpO/dJeaERBBe6qZ01hZI0EKuTp87zxO3FO4W/dwRgpKSkEEDE=</SignatureValue></Signature></Class>
