﻿<?xml version="1.0" encoding="utf-8"?>
<!--

    This file is

    Copyright 2010,2011 Kevin Glynn (kevin.glynn@twigletsoftware.com)

-->
<Delegate xmlns:xsi="http://www.w3.org/2001/XMLSchema-instance" xmlns:xsd="http://www.w3.org/2001/XMLSchema" xmlns="urn:www.twigletsoftware.com:schemas:txtemplate:1:0">
  <Imports>
    <Import>CS2JNet.System.Predicate</Import>
  </Imports>
  <Java>Predicate*[${T}]*</Java>
  <Name>System.Predicate</Name>
  <TypeParams>
    <Name>T</Name>
  </TypeParams>
  <Uses />
  <Inherits>
    <Type>System.Object</Type>
  </Inherits>
  <Methods>
    <Method static="true">
      <Imports>
        <Import>CS2JNet.System.__MultiPredicate</Import>
      </Imports>
      <Java>__MultiPredicate.Combine(${a},${b})</Java>
      <Params>
        <Param>
          <Type>System.Predicate*[T]*</Type>
          <Name>a</Name>
        </Param>
        <Param>
          <Type>System.Predicate*[T]*</Type>
          <Name>b</Name>
        </Param>
      </Params>
      <Name>Combine</Name>
      <TypeParams>
        <Name>T</Name>
      </TypeParams>
      <Return>System.Predicate*[T]*</Return>
    </Method>
    <Method static="true">
      <Imports>
        <Import>CS2JNet.System.__MultiPredicate</Import>
      </Imports>
      <Java>__MultiPredicate.Remove(${a},${b})</Java>
      <Params>
        <Param>
          <Type>System.Predicate*[T]*</Type>
          <Name>a</Name>
        </Param>
        <Param>
          <Type>System.Predicate*[T]*</Type>
          <Name>b</Name>
        </Param>
      </Params>
      <Name>Remove</Name>
      <TypeParams>
        <Name>T</Name>
      </TypeParams>
      <Return>System.Predicate*[T]*</Return>
    </Method>
  </Methods>
  <Invoke>
    <Java>${this:16}.Invoke(${a})</Java>
    <Params>
      <Param>
        <Type>T</Type>
        <Name>a</Name>
      </Param>
    </Params>
    <Name>Invoke</Name>
    <TypeParams />
    <Return>System.Boolean</Return>
  </Invoke>

<Signature xmlns="http://www.w3.org/2000/09/xmldsig#"><SignedInfo><CanonicalizationMethod Algorithm="http://www.w3.org/TR/2001/REC-xml-c14n-20010315" /><SignatureMethod Algorithm="http://www.w3.org/2000/09/xmldsig#rsa-sha1" /><Reference URI=""><Transforms><Transform Algorithm="http://www.w3.org/2000/09/xmldsig#enveloped-signature" /></Transforms><DigestMethod Algorithm="http://www.w3.org/2000/09/xmldsig#sha1" /><DigestValue>veAfqckOy/TH1AX+lpI/yUFmHuw=</DigestValue></Reference></SignedInfo><SignatureValue>RBosH7AJJP+qfStYTXyfNQjYF+QqbKNjK3h9vmuZn9QK9ztQswAF9WfODonv6IvnVlDFpr+XtFDW7B7MVbSeLLbE9dBR3dkTuJb3orjx7dN+Wp3YPmr61OJ4xDCuXZe1EfYzo6Ow1odAbSTJ/Q1mYUqP9g/ZnFpD0Mn5spRz7HE=</SignatureValue></Signature></Delegate>
