﻿<?xml version="1.0" encoding="utf-8"?>
<!--

    This file is

    Copyright 2007,2008,2009,2010 Rustici Software, LLC
    Copyright 2010,2011 Kevin Glynn (kevin.glynn@twigletsoftware.com)

-->
<Class has_boxed_rep="true" xmlns:xsi="http://www.w3.org/2001/XMLSchema-instance" xmlns:xsd="http://www.w3.org/2001/XMLSchema" xmlns="urn:www.twigletsoftware.com:schemas:txtemplate:1:0">
  <Imports />
  <Java>float</Java>
  <BoxedJava>Float</BoxedJava>
  <Name>System.Single</Name>
  <Uses />
  <Inherits>
    <Type>System.Number</Type>
    <Type>System.IComparable</Type>
    <Type>System.IFormattable</Type>
    <Type>System.IConvertible</Type>
  </Inherits>
  <Methods>
    <Method>
      <Imports />
      <Java>String.valueOf(${this})</Java>
      <Params />
      <Name>ToString</Name>
      <Return>System.String</Return>
    </Method>
  </Methods>
  <Properties>
    <Property>
      <Imports />
      <Java>${this}</Java>
      <Type>System.Single</Type>
      <Name>Value</Name>
      <Get>${this}</Get>
      <Set>${this:16}.setValue(${value})</Set>
    </Property>
  </Properties>
  <Events />
  <Indexers />
  <Constructors />
  <Fields />
  <Casts>
<!--
    <Cast>
      <Imports />
      <Java>((Number)${expr}).floatValue()</Java>
      <From>System.Object</From>
      <To>System.Single</To>
    </Cast>
-->
  </Casts>
  <UnaryOps />
  <BinaryOps />
<Signature xmlns="http://www.w3.org/2000/09/xmldsig#"><SignedInfo><CanonicalizationMethod Algorithm="http://www.w3.org/TR/2001/REC-xml-c14n-20010315" /><SignatureMethod Algorithm="http://www.w3.org/2000/09/xmldsig#rsa-sha1" /><Reference URI=""><Transforms><Transform Algorithm="http://www.w3.org/2000/09/xmldsig#enveloped-signature" /></Transforms><DigestMethod Algorithm="http://www.w3.org/2000/09/xmldsig#sha1" /><DigestValue>tubfu/MmB4/ISdMVNh2XlRQDKuE=</DigestValue></Reference></SignedInfo><SignatureValue>Vx9X5eAn/E0rA4mxvvFpavZehVIdBpyioCNyzNEIC6cl5eNX0KXMNATPxCr6tedIL0APf8PR3gVaa+O0P072/992Nv1oUzHAc4akwt5Cs/1M3YfRcdlEYrwZ0Y7S82TcfoAJjFvs8xE+cNVhGrG7Fy0br6/FGqXJsM1OSMXb3LI=</SignatureValue></Signature></Class>
