﻿<?xml version="1.0" encoding="utf-8"?>
<!--

    This file is

    Copyright 2007,2008,2009,2010 Rustici Software, LLC
    Copyright 2010,2011 Kevin Glynn (kevin.glynn@twigletsoftware.com)

-->
<Class xmlns:xsi="http://www.w3.org/2001/XMLSchema-instance" xmlns:xsd="http://www.w3.org/2001/XMLSchema" xmlns="urn:www.twigletsoftware.com:schemas:txtemplate:1:0">
  <Imports>
    <Import>CS2JNet.System.TimeSpan</Import>
  </Imports>
  <Java>TimeSpan</Java>
  <Name>System.TimeSpan</Name>
  <Uses />
  <Inherits>
    <Type>System.Object</Type>
  </Inherits>
  <Methods>
    <Method>
      <Imports>
        <Import>CS2JNet.System.TimeSpan</Import>
      </Imports>
      <Java>TimeSpan.parse(${s})</Java>
      <Params>
        <Param>
          <Type>System.String</Type>
          <Name>s</Name>
        </Param>
      </Params>
      <Name>Parse</Name>
      <Return>System.TimeSpan</Return>
    </Method>
  </Methods>
  <Properties>
    <Property>
      <Imports />
      <Java>${this:16}.getTotalSeconds()</Java>
      <Type>System.Double</Type>
      <Name>TotalSeconds</Name>
      <Get>${this:16}.getTotalSeconds()</Get>
      <Set>${this:16}.setTotalSeconds(${value})</Set>
    </Property>
  </Properties>
  <Events />
  <Indexers />
  <Constructors />
  <Fields />
  <Casts />
  <UnaryOps />
  <BinaryOps />
<Signature xmlns="http://www.w3.org/2000/09/xmldsig#"><SignedInfo><CanonicalizationMethod Algorithm="http://www.w3.org/TR/2001/REC-xml-c14n-20010315" /><SignatureMethod Algorithm="http://www.w3.org/2000/09/xmldsig#rsa-sha1" /><Reference URI=""><Transforms><Transform Algorithm="http://www.w3.org/2000/09/xmldsig#enveloped-signature" /></Transforms><DigestMethod Algorithm="http://www.w3.org/2000/09/xmldsig#sha1" /><DigestValue>PrM5J0scLoF67jNgCOjRq2MRD8o=</DigestValue></Reference></SignedInfo><SignatureValue>QeFnV2OjlEqzjGCGXBrvpZ8XZGPVTTuPCURMAElm2kukLMaC2nMJbF7t5ngqJfCqXJQxkaq2fBs5DZjdvP1I8m6L7bhFli0s19ZPXLy1N7NhfVtIWS7Sed0/A5T3riE5L7jkDGSRER386tDV+3N1wk1zKO+s4MfcYBYUyxZJK3A=</SignatureValue></Signature></Class>
