﻿<?xml version="1.0" encoding="utf-8"?>
<!--

    This file is

    Copyright 2007,2008,2009,2010 Rustici Software, LLC
    Copyright 2010,2011 Kevin Glynn (kevin.glynn@twigletsoftware.com)

-->
<Class xmlns:xsi="http://www.w3.org/2001/XMLSchema-instance" xmlns:xsd="http://www.w3.org/2001/XMLSchema" xmlns="urn:www.twigletsoftware.com:schemas:txtemplate:1:0">
  <Imports>
    <Import>java.net.URI</Import>
  </Imports>
  <Java>URI</Java>
  <Name>System.Uri</Name>
  <Uses />
  <Inherits>
    <Type>System.Object</Type>
  </Inherits>
  <Methods />
  <Properties />
  <Events />
  <Indexers />
  <Constructors>
    <Constructor>
      <Imports />
      <Java>new URI(${uriString})</Java>
      <Params>
        <Param>
          <Type>System.String</Type>
          <Name>uriString</Name>
        </Param>
      </Params>
    </Constructor>
  </Constructors>
  <Fields />
  <Casts />
  <UnaryOps />
  <BinaryOps />
<Signature xmlns="http://www.w3.org/2000/09/xmldsig#"><SignedInfo><CanonicalizationMethod Algorithm="http://www.w3.org/TR/2001/REC-xml-c14n-20010315" /><SignatureMethod Algorithm="http://www.w3.org/2000/09/xmldsig#rsa-sha1" /><Reference URI=""><Transforms><Transform Algorithm="http://www.w3.org/2000/09/xmldsig#enveloped-signature" /></Transforms><DigestMethod Algorithm="http://www.w3.org/2000/09/xmldsig#sha1" /><DigestValue>Msz3mXiWRI4OATxd7FH2IzFr/wU=</DigestValue></Reference></SignedInfo><SignatureValue>a7/o5LRZi9BQuL5ZT6tyUm+XHitF8upKUFWzDC+bwOALrrCilVZY3LKnW6LQ7cUp3tW/v//zVQTCS9Uj1arn2JqqWmhtnDLEMYm7YO7kIR4QI198wzcGVEunPhTrpLcDP/8inVpuQ+nUmzvFZHiwpNH9ABK36VWP7ggZrp9Qp1U=</SignatureValue></Signature></Class>
