﻿<?xml version="1.0" encoding="utf-8"?>
<!--

    This file is

    Copyright 2007,2008,2009,2010 Rustici Software, LLC
    Copyright 2010,2011 Kevin Glynn (kevin.glynn@twigletsoftware.com)

-->
<Class xmlns:xsi="http://www.w3.org/2001/XMLSchema-instance" xmlns:xsd="http://www.w3.org/2001/XMLSchema" xmlns="urn:www.twigletsoftware.com:schemas:txtemplate:1:0">
  <Imports />
  <Java>Object</Java>
  <Name>System.Xml.Schema.XmlSchema</Name>
  <Uses />
  <Inherits>
    <Type>System.Xml.Schema.XmlSchemaObject</Type>
  </Inherits>
  <Methods />
  <Properties />
  <Events />
  <Indexers />
  <Constructors />
  <Fields />
  <Casts />
  <UnaryOps />
  <BinaryOps />
<Signature xmlns="http://www.w3.org/2000/09/xmldsig#"><SignedInfo><CanonicalizationMethod Algorithm="http://www.w3.org/TR/2001/REC-xml-c14n-20010315" /><SignatureMethod Algorithm="http://www.w3.org/2000/09/xmldsig#rsa-sha1" /><Reference URI=""><Transforms><Transform Algorithm="http://www.w3.org/2000/09/xmldsig#enveloped-signature" /></Transforms><DigestMethod Algorithm="http://www.w3.org/2000/09/xmldsig#sha1" /><DigestValue>5mKWpo5sxwQTXSIai3ZlVE8Xjqo=</DigestValue></Reference></SignedInfo><SignatureValue>TlQv4lgBhKJG3V01wWO7ELOrp1eMqAOYQv1HPYHCvzvlSnV7FT7vXIPHlhgEYMNOWsY7TwN1RVn70OlJxXlf3ezcygwOItuwjZ1bFUZ6DtddyfVOiAkI9xWs2B6WSarLVsWxDy9XLOIcfmqKEwvDenkbPTKWAKSL4u1GTl0igkw=</SignatureValue></Signature></Class>
