﻿<?xml version="1.0" encoding="utf-8"?>
<!--

    This file is

    Copyright 2007,2008,2009,2010 Rustici Software, LLC
    Copyright 2010,2011 Kevin Glynn (kevin.glynn@twigletsoftware.com)

-->
<Class xmlns:xsi="http://www.w3.org/2001/XMLSchema-instance" xmlns:xsd="http://www.w3.org/2001/XMLSchema" xmlns="urn:www.twigletsoftware.com:schemas:txtemplate:1:0">
  <Imports>
    <Import>java.util.Properties</Import>
  </Imports>
  <Java>Properties</Java>
  <Name>System.Collections.Specialized.NameValueCollection</Name>
  <Uses />
  <Inherits>
    <Type>System.IList</Type>
  </Inherits>
  <Methods>
    <Method>
      <Imports />
      <Java>${this:16}.getProperty(${key})</Java>
      <Params>
        <Param>
          <Type>System.String</Type>
          <Name>key</Name>
        </Param>
      </Params>
      <Name>Get</Name>
      <Return>System.String</Return>
    </Method>
  </Methods>
  <Properties />
  <Events />
  <Indexers />
  <Constructors />
  <Fields />
  <Casts />
  <UnaryOps />
  <BinaryOps />
<Signature xmlns="http://www.w3.org/2000/09/xmldsig#"><SignedInfo><CanonicalizationMethod Algorithm="http://www.w3.org/TR/2001/REC-xml-c14n-20010315" /><SignatureMethod Algorithm="http://www.w3.org/2000/09/xmldsig#rsa-sha1" /><Reference URI=""><Transforms><Transform Algorithm="http://www.w3.org/2000/09/xmldsig#enveloped-signature" /></Transforms><DigestMethod Algorithm="http://www.w3.org/2000/09/xmldsig#sha1" /><DigestValue>hlfCVl94jm1nJtIrWXI+KPTFOec=</DigestValue></Reference></SignedInfo><SignatureValue>TFJ3r07y0tmBsWBlostNh2LlZU/Lj2EvpAIbrnHQ/NxtrRMiOeoOTmBqtVllKKZc+2EGI4aqOQuBIFxT+MIasUKiOrSDImqhDYonn+QQnPwH42ruJTcAadWlmOfuqPFqF7hh06JSgrsbfPi4BG2O+5hm94/wOyDYw66BWwNbnRU=</SignatureValue></Signature></Class>
