﻿<?xml version="1.0" encoding="utf-8"?>
<!--

    This file is

    Copyright 2010,2011 Kevin Glynn (kevin.glynn@twigletsoftware.com)

-->
<Interface xmlns:xsi="http://www.w3.org/2001/XMLSchema-instance" xmlns:xsd="http://www.w3.org/2001/XMLSchema" xmlns="urn:www.twigletsoftware.com:schemas:txtemplate:1:0">
  <Imports>
    <Import>java.util.Iterator</Import>
  </Imports>
  <Java>Iterator*[${E}]*</Java>
  <Name>CS2J.java.util.Iterator</Name>
  <TypeParams>
    <Name>E</Name>
  </TypeParams>
<Signature xmlns="http://www.w3.org/2000/09/xmldsig#"><SignedInfo><CanonicalizationMethod Algorithm="http://www.w3.org/TR/2001/REC-xml-c14n-20010315" /><SignatureMethod Algorithm="http://www.w3.org/2000/09/xmldsig#rsa-sha1" /><Reference URI=""><Transforms><Transform Algorithm="http://www.w3.org/2000/09/xmldsig#enveloped-signature" /></Transforms><DigestMethod Algorithm="http://www.w3.org/2000/09/xmldsig#sha1" /><DigestValue>g9X4JwRWun7LfaOWXRo7bg0V0wQ=</DigestValue></Reference></SignedInfo><SignatureValue>G1f57I1hUhz7XfYjvl8lC3vlJ5T3iDlc7GNPlcxN/mRkOTDXwqrTiFUcExmGtBuGfqkAVjQIDctexOwkP6z5pZ6VCiY76ti1AiAXQUhKUSe9uav+GXCas7KSYnzKKnbBpyESinVyFLKDuavXkVwD4DTFpoqH9uLZxssWPNOrHag=</SignatureValue></Signature></Interface>
