﻿<?xml version="1.0" encoding="utf-8"?>
<!--

    This file is

    Copyright 2007,2008,2009,2010 Rustici Software, LLC
    Copyright 2010,2011 Kevin Glynn (kevin.glynn@twigletsoftware.com)

-->
<Class xmlns:xsi="http://www.w3.org/2001/XMLSchema-instance" xmlns:xsd="http://www.w3.org/2001/XMLSchema" xmlns="urn:www.twigletsoftware.com:schemas:txtemplate:1:0">
  <Imports>
    <Import>javax.servlet.http.HttpServletResponse</Import>
  </Imports>
  <Java>HttpServletResponse</Java>
  <Name>System.Web.HttpResponse</Name>
  <Uses />
  <Inherits>
    <Type>System.Object</Type>
  </Inherits>
  <Methods>
    <Method>
      <Return>System.Void</Return>
      <Name>AddHeader</Name>
      <Params>
        <Param>
           <Type>System.String</Type>
           <Name>name</Name>
        </Param>
        <Param>
           <Type>System.String</Type>
           <Name>value</Name>
        </Param>
      </Params>
      <Java>${this:16}.setHeader(${name},${value})</Java>
    </Method>
  </Methods>
  <Properties />
  <Events />
  <Indexers />
  <Constructors />
  <Fields />
  <Casts />
  <UnaryOps />
  <BinaryOps />
<Signature xmlns="http://www.w3.org/2000/09/xmldsig#"><SignedInfo><CanonicalizationMethod Algorithm="http://www.w3.org/TR/2001/REC-xml-c14n-20010315" /><SignatureMethod Algorithm="http://www.w3.org/2000/09/xmldsig#rsa-sha1" /><Reference URI=""><Transforms><Transform Algorithm="http://www.w3.org/2000/09/xmldsig#enveloped-signature" /></Transforms><DigestMethod Algorithm="http://www.w3.org/2000/09/xmldsig#sha1" /><DigestValue>GEegmXKO9zKNuttcBt37RrjcG3Y=</DigestValue></Reference></SignedInfo><SignatureValue>fFQ/Cn4NROfn2IPoZu8MpU8/gtveZdapsZVLJJph0uYsBFH2Rnbm++BeE1W+4sflgxAsA8VZ/mnmh1ShQLQ0L6trGChJEIwhmOtRDe3+NcDljNyMcZUNKNOX2OiTS+alnhw2V++bW+Uf2KJfV7GmzQ1GQoD8p++oDeGD+j1MOvY=</SignatureValue></Signature></Class>
