﻿<?xml version="1.0" encoding="utf-8"?>
<!--

    This file is

    Copyright 2007,2008,2009,2010 Rustici Software, LLC
    Copyright 2010,2011 Kevin Glynn (kevin.glynn@twigletsoftware.com)

-->
<Class xmlns:xsi="http://www.w3.org/2001/XMLSchema-instance" xmlns:xsd="http://www.w3.org/2001/XMLSchema" xmlns="urn:www.twigletsoftware.com:schemas:txtemplate:1:0">
  <Imports>
    <Import>javax.servlet.http.HttpServletRequest</Import>
  </Imports>
  <Java>HttpServletRequest</Java>
  <Name>System.Web.HttpRequest</Name>
  <Uses />
  <Inherits>
    <Type>System.Object</Type>
  </Inherits>
  <Methods />
  <Properties>
    <Property>
       <Type>System.String</Type>
       <Name>HttpMethod</Name>
       <Get>${this:16}.getMethod()</Get>
    </Property>
  </Properties>
  <Events />
  <Indexers />
  <Constructors />
  <Fields />
  <Casts />
  <UnaryOps />
  <BinaryOps />
<Signature xmlns="http://www.w3.org/2000/09/xmldsig#"><SignedInfo><CanonicalizationMethod Algorithm="http://www.w3.org/TR/2001/REC-xml-c14n-20010315" /><SignatureMethod Algorithm="http://www.w3.org/2000/09/xmldsig#rsa-sha1" /><Reference URI=""><Transforms><Transform Algorithm="http://www.w3.org/2000/09/xmldsig#enveloped-signature" /></Transforms><DigestMethod Algorithm="http://www.w3.org/2000/09/xmldsig#sha1" /><DigestValue>xahY71cWPwOtmmQekU2n7jtaszY=</DigestValue></Reference></SignedInfo><SignatureValue>N7Vqp5rnasDAOF7bDyS9AQKiAGLKcqRW0aYvp6u69DEf/rjQCDiN3Ipi6XzcET5e93pxS222AOLx8EFiEYEG2jxjCr6b+w4VqBsOO9e2jQv+cuGUXFICnDDUxYSVLwpiPMgTRw9UbLXLCGEI57x+n2xiPFnLwXimdDKLycUAd9E=</SignatureValue></Signature></Class>
