﻿<?xml version="1.0" encoding="utf-8"?>
<!--

    This file is

    Copyright 2007,2008,2009,2010 Rustici Software, LLC
    Copyright 2010,2011 Kevin Glynn (kevin.glynn@twigletsoftware.com)

-->
<Class xmlns:xsi="http://www.w3.org/2001/XMLSchema-instance" xmlns:xsd="http://www.w3.org/2001/XMLSchema" xmlns="urn:www.twigletsoftware.com:schemas:txtemplate:1:0">
  <Imports>
    <Import>CS2JNet.System.Web.HttpException</Import>
  </Imports>
  <Java>HttpException</Java>
  <Name>System.Web.HttpException</Name>
  <Uses />
  <Inherits>
    <Type>System.Object</Type>
  </Inherits>
  <Methods>
  </Methods>
  <Properties>
    <Property>
       <Type>System.String</Type>
       <Name>Message</Name>
       <Get>${this:16}.getMessage()</Get>
    </Property>
  </Properties>
  <Events />
  <Indexers />
  <Constructors />
  <Fields />
  <Casts />
  <UnaryOps />
  <BinaryOps />
<Signature xmlns="http://www.w3.org/2000/09/xmldsig#"><SignedInfo><CanonicalizationMethod Algorithm="http://www.w3.org/TR/2001/REC-xml-c14n-20010315" /><SignatureMethod Algorithm="http://www.w3.org/2000/09/xmldsig#rsa-sha1" /><Reference URI=""><Transforms><Transform Algorithm="http://www.w3.org/2000/09/xmldsig#enveloped-signature" /></Transforms><DigestMethod Algorithm="http://www.w3.org/2000/09/xmldsig#sha1" /><DigestValue>H6QovbUEOfBNp4olUT7cKIZtzuc=</DigestValue></Reference></SignedInfo><SignatureValue>YRkGe2Jw+4/PAyafnx2ZW0AK8xs4Oygal8LtlzD6loMyXfKfdjsrjeoOuYpK1vlCN35qHUoa3iIrHoA00HrQE90OHNiX0jG/9h6n/gqoYLbf7bc483tEOpCL6ZsV+574FowZxa/uwKTci+sBfkXuG+61QO17Nn1xCQrGzLTZRXE=</SignatureValue></Signature></Class>
