﻿<?xml version="1.0" encoding="utf-8"?>
<!--

    This file is

    Copyright 2007,2008,2009,2010 Rustici Software, LLC
    Copyright 2010,2011 Kevin Glynn (kevin.glynn@twigletsoftware.com)

-->
<Class xmlns:xsi="http://www.w3.org/2001/XMLSchema-instance" xmlns:xsd="http://www.w3.org/2001/XMLSchema" xmlns="urn:www.twigletsoftware.com:schemas:txtemplate:1:0">
  <Imports>
    <Import>javax.servlet.http.HttpServletResponse</Import>
  </Imports>
  <Java>HttpServletResponse</Java>
  <Name>System.Web.HttpResponse</Name>
  <Uses />
  <Inherits>
    <Type>System.Object</Type>
  </Inherits>
  <Methods>
    <Method>
      <Return>System.Void</Return>
      <Name>AddHeader</Name>
      <Params>
        <Param>
           <Type>System.String</Type>
           <Name>name</Name>
        </Param>
        <Param>
           <Type>System.String</Type>
           <Name>value</Name>
        </Param>
      </Params>
      <Java>${this:16}.setHeader(${name},${value})</Java>
    </Method>
  </Methods>
  <Properties />
  <Events />
  <Indexers />
  <Constructors />
  <Fields />
  <Casts />
  <UnaryOps />
  <BinaryOps />
</Class>
