﻿<?xml version="1.0" encoding="utf-8"?>
<!--

    This file is

    Copyright 2007,2008,2009,2010 Rustici Software, LLC
    Copyright 2010,2011 Kevin Glynn (kevin.glynn@twigletsoftware.com)

-->
<Enum xmlns:xsi="http://www.w3.org/2001/XMLSchema-instance" xmlns:xsd="http://www.w3.org/2001/XMLSchema" xmlns="urn:www.twigletsoftware.com:schemas:txtemplate:1:0">
  <Imports>
    <Import>CS2JNet.System.Net.Sockets.AddressFamily</Import>
  </Imports>
  <Java>AddressFamily</Java>
  <Name>System.Net.Sockets.AddressFamily</Name>
  <Inherits>
    <Type>System.Enum</Type>
  </Inherits>
  <Members>
    <Member>
      <Java>${this:16}.Unknown</Java>
      <Name>Unknown</Name>
    </Member>
    <Member>
      <Java>${this:16}.Unspecified</Java>
      <Name>Unspecified</Name>
    </Member>
    <Member>
      <Java>${this:16}.Unix</Java>
      <Name>Unix</Name>
    </Member>
    <Member>
      <Java>${this:16}.InterNetwork</Java>
      <Name>InterNetwork</Name>
    </Member>
    <Member>
      <Java>${this:16}.ImpLink</Java>
      <Name>ImpLink</Name>
    </Member>
    <Member>
      <Java>${this:16}.Pup</Java>
      <Name>Pup</Name>
    </Member>
    <Member>
      <Java>${this:16}.Chaos</Java>
      <Name>Chaos</Name>
    </Member>
    <Member>
      <Java>${this:16}.NS</Java>
      <Name>NS</Name>
    </Member>
    <Member>
      <Java>${this:16}.Ipx</Java>
      <Name>Ipx</Name>
    </Member>
    <Member>
      <Java>${this:16}.Iso</Java>
      <Name>Iso</Name>
    </Member>
    <Member>
      <Java>${this:16}.Osi</Java>
      <Name>Osi</Name>
    </Member>
    <Member>
      <Java>${this:16}.Ecma</Java>
      <Name>Ecma</Name>
    </Member>
    <Member>
      <Java>${this:16}.DataKit</Java>
      <Name>DataKit</Name>
    </Member>
    <Member>
      <Java>${this:16}.Ccitt</Java>
      <Name>Ccitt</Name>
    </Member>
    <Member>
      <Java>${this:16}.Sna</Java>
      <Name>Sna</Name>
    </Member>
    <Member>
      <Java>${this:16}.DecNet</Java>
      <Name>DecNet</Name>
    </Member>
    <Member>
      <Java>${this:16}.DataLink</Java>
      <Name>DataLink</Name>
    </Member>
    <Member>
      <Java>${this:16}.Lat</Java>
      <Name>Lat</Name>
    </Member>
    <Member>
      <Java>${this:16}.HyperChannel</Java>
      <Name>HyperChannel</Name>
    </Member>
    <Member>
      <Java>${this:16}.AppleTalk</Java>
      <Name>AppleTalk</Name>
    </Member>
    <Member>
      <Java>${this:16}.NetBios</Java>
      <Name>NetBios</Name>
    </Member>
    <Member>
      <Java>${this:16}.VoiceView</Java>
      <Name>VoiceView</Name>
    </Member>
    <Member>
      <Java>${this:16}.FireFox</Java>
      <Name>FireFox</Name>
    </Member>
    <Member>
      <Java>${this:16}.Banyan</Java>
      <Name>Banyan</Name>
    </Member>
    <Member>
      <Java>${this:16}.Atm</Java>
      <Name>Atm</Name>
    </Member>
    <Member>
      <Java>${this:16}.InterNetworkV6</Java>
      <Name>InterNetworkV6</Name>
    </Member>
    <Member>
      <Java>${this:16}.Cluster</Java>
      <Name>Cluster</Name>
    </Member>
    <Member>
      <Java>${this:16}.Ieee12844</Java>
      <Name>Ieee12844</Name>
    </Member>
    <Member>
      <Java>${this:16}.Irda</Java>
      <Name>Irda</Name>
    </Member>
    <Member>
      <Java>${this:16}.NetworkDesigners</Java>
      <Name>NetworkDesigners</Name>
    </Member>
    <Member>
      <Java>${this:16}.Max</Java>
      <Name>Max</Name>
    </Member>
  </Members>
<Signature xmlns="http://www.w3.org/2000/09/xmldsig#"><SignedInfo><CanonicalizationMethod Algorithm="http://www.w3.org/TR/2001/REC-xml-c14n-20010315" /><SignatureMethod Algorithm="http://www.w3.org/2000/09/xmldsig#rsa-sha1" /><Reference URI=""><Transforms><Transform Algorithm="http://www.w3.org/2000/09/xmldsig#enveloped-signature" /></Transforms><DigestMethod Algorithm="http://www.w3.org/2000/09/xmldsig#sha1" /><DigestValue>SuK11Aqb2IoCuW61+J2OAl5VBwM=</DigestValue></Reference></SignedInfo><SignatureValue>AqlP9i6Wob/niW2Ga4LxNekxgXtK1oC/4U7IKoNjhy1Xxh85Jh1bs6ryXnYnP1F2i4jJOaXE+nfwzRQIqqV2ytD+l1nueTu/wBkYDvJkSf5iA7xgUYynvma8a4PV6F7Gbzd7LTachprWNe68gmEgQLFv8PqGPonWVdsdYLBCWL4=</SignatureValue></Signature></Enum>
