﻿<?xml version="1.0" encoding="utf-8"?>
<!--

    This file is

    Copyright 2010,2011 Kevin Glynn (kevin.glynn@twigletsoftware.com)

-->
<Interface variant="LCC" xmlns:xsi="http://www.w3.org/2001/XMLSchema-instance" xmlns:xsd="http://www.w3.org/2001/XMLSchema" xmlns="urn:www.twigletsoftware.com:schemas:txtemplate:1:0">
  <Imports>
    <Import>CS2JNet.System.Collections.LCC.IEnumerable</Import>
  </Imports>
  <Java>IEnumerable*[${E}]*</Java>
  <Name>System.Collections.Generic.IEnumerable</Name>
  <TypeParams>
    <Name>E</Name>
  </TypeParams>
  <Iterable>
    <ElementType>E</ElementType>
    <Java>${expr}</Java>
  </Iterable>
  <Properties>
  </Properties>
  <Methods>
    <Method>
      <Java>${this:16}.getEnumerator()</Java>
      <Params />
      <Name>GetEnumerator</Name>
      <Return>System.Collections.Generic.IEnumerator*[E]*</Return>
    </Method>
  </Methods>
<Signature xmlns="http://www.w3.org/2000/09/xmldsig#"><SignedInfo><CanonicalizationMethod Algorithm="http://www.w3.org/TR/2001/REC-xml-c14n-20010315" /><SignatureMethod Algorithm="http://www.w3.org/2000/09/xmldsig#rsa-sha1" /><Reference URI=""><Transforms><Transform Algorithm="http://www.w3.org/2000/09/xmldsig#enveloped-signature" /></Transforms><DigestMethod Algorithm="http://www.w3.org/2000/09/xmldsig#sha1" /><DigestValue>ZcEFXATrCdpMzrCsLf7wZvekxwI=</DigestValue></Reference></SignedInfo><SignatureValue>Iej9zLFArMxf/J0iFUwQI7RItoVvQ3BDB/8QqI5xo4Pmt3aihh25UuQGB/1O+hogfEVjN0FlG1CT94VHQArCxjrqjvZYByHmQ4jR6x/jcaZkQw0Rj5rz4PhRZbW9IPw8g6Xxa8PxpAfza64nGLNdUZ1epmWGlEmyWPKDTODZs04=</SignatureValue></Signature></Interface>
