﻿<?xml version="1.0" encoding="utf-8"?>
<!--

    This file is

    Copyright 2007,2008,2009,2010 Rustici Software, LLC
    Copyright 2010,2011 Kevin Glynn (kevin.glynn@twigletsoftware.com)

-->
<Class xmlns:xsi="http://www.w3.org/2001/XMLSchema-instance" xmlns:xsd="http://www.w3.org/2001/XMLSchema" xmlns="urn:www.twigletsoftware.com:schemas:txtemplate:1:0">
  <Imports>
    <Import>javax.mail.internet.InternetAddress</Import>
  </Imports>
  <Java>InternetAddress</Java>
  <Name>System.Net.Mail.MailAddress</Name>
  <Uses />
  <Inherits>
    <Type>System.Object</Type>
  </Inherits>
  <Methods />
  <Properties />
  <Events />
  <Indexers />
  <Constructors>
    <Constructor>
      <Imports>
        <Import>javax.mail.internet.InternetAddress</Import>
      </Imports>
      <Java>new InternetAddress(${address})</Java>
      <Params>
        <Param>
          <Type>System.String</Type>
          <Name>address</Name>
        </Param>
      </Params>
    </Constructor>
  </Constructors>
  <Fields />
  <Casts />
  <UnaryOps />
  <BinaryOps />
<Signature xmlns="http://www.w3.org/2000/09/xmldsig#"><SignedInfo><CanonicalizationMethod Algorithm="http://www.w3.org/TR/2001/REC-xml-c14n-20010315" /><SignatureMethod Algorithm="http://www.w3.org/2000/09/xmldsig#rsa-sha1" /><Reference URI=""><Transforms><Transform Algorithm="http://www.w3.org/2000/09/xmldsig#enveloped-signature" /></Transforms><DigestMethod Algorithm="http://www.w3.org/2000/09/xmldsig#sha1" /><DigestValue>IR9AXbTuaXwi31oCTOeYxFXkNMQ=</DigestValue></Reference></SignedInfo><SignatureValue>aZ+oeFrchq4cHStgRDUaERiQ8qDEIqw9oTtN+8e+lltBueN1EQJn6LTPxMvp9OM0OQJfBE/kqG2qlA991GrI13c3bXjdlIoWnzaNfFmQw/+qq5rJK4qjicheJCC9WWVBbuy1CYJ07WH51hHSJQLzvJv+c1xUhVu66c5lDQ8v0SM=</SignatureValue></Signature></Class>
