﻿<?xml version="1.0" encoding="utf-8"?>
<!--

    This file is

    Copyright 2007,2008,2009,2010 Rustici Software, LLC
    Copyright 2010,2011 Kevin Glynn (kevin.glynn@twigletsoftware.com)

-->
<Class xmlns:xsi="http://www.w3.org/2001/XMLSchema-instance" xmlns:xsd="http://www.w3.org/2001/XMLSchema" xmlns="urn:www.twigletsoftware.com:schemas:txtemplate:1:0">
  <Imports>
    <Import>CS2JNet.System.Reflection.Assembly</Import>
  </Imports>
  <Java>Assembly</Java>
  <Name>System.Reflection.Assembly</Name>
  <Uses />
  <Inherits> <Type>System.Object</Type> </Inherits>
  <Methods>
    <Method>
      <Imports>
        <Import>CS2JNet.System.Reflection.Assembly</Import>
      </Imports>
      <Java>new Assembly(${assemblyString})</Java>
      <Params>
        <Param>
          <Type>System.String</Type>
          <Name>assemblyString</Name>
        </Param>
      </Params>
      <Name>Load</Name>
      <Return>System.Reflection.Assembly</Return>
    </Method>
    <Method>
      <Imports />
      <Java>${this:16}.getClass(${name}, ${throwOnError})</Java>
      <Params>
        <Param>
          <Type>System.String</Type>
          <Name>name</Name>
        </Param>
        <Param>
          <Type>System.Boolean</Type>
          <Name>throwOnError</Name>
        </Param>
      </Params>
      <Name>GetType</Name>
      <Return>System.Type</Return>
    </Method>
    <Method>
      <Imports />
      <Java>null /* getExecutingAssembly() */</Java>
      <Params />
      <Name>GetExecutingAssembly</Name>
      <Return>System.Assembly</Return>
    </Method>
  </Methods>
  <Properties />
  <Events />
  <Indexers />
  <Constructors />
  <Fields />
  <Casts />
  <UnaryOps />
  <BinaryOps />
<Signature xmlns="http://www.w3.org/2000/09/xmldsig#"><SignedInfo><CanonicalizationMethod Algorithm="http://www.w3.org/TR/2001/REC-xml-c14n-20010315" /><SignatureMethod Algorithm="http://www.w3.org/2000/09/xmldsig#rsa-sha1" /><Reference URI=""><Transforms><Transform Algorithm="http://www.w3.org/2000/09/xmldsig#enveloped-signature" /></Transforms><DigestMethod Algorithm="http://www.w3.org/2000/09/xmldsig#sha1" /><DigestValue>foJpu3s5ZDgyWyOjxdXhZ05n7gk=</DigestValue></Reference></SignedInfo><SignatureValue>WddMcNzf3ZBFNtkqQTPmA5TOwc2unVe4Xi8N5u906aGkXiUt/WCMQDU5WuZX2ZNF+9U8LcEcfnkTEhgVbl5+oEME4vKyFFhYmLcaSML7QSCVzaTJVq9Vv9jv26pb7qN+wGKIi8w2+GwmWBi+2OIJQqzq2Au56u0qP1+4RTE0Kq4=</SignatureValue></Signature></Class>
