﻿<?xml version="1.0" encoding="utf-8"?>
<!--

    This file is

    Copyright 2007,2008,2009,2010 Rustici Software, LLC
    Copyright 2010,2011 Kevin Glynn (kevin.glynn@twigletsoftware.com)

-->
<Class xmlns:xsi="http://www.w3.org/2001/XMLSchema-instance" xmlns:xsd="http://www.w3.org/2001/XMLSchema" xmlns="urn:www.twigletsoftware.com:schemas:txtemplate:1:0">
  <Imports />
  <Java>MailAddressCollection</Java>
  <Name>System.Net.Mail.MailAddressCollection</Name>
  <Uses />
  <Inherits>
    <Type>System.Collections.ObjectModel.Collection*[System.Net.Mail.MailAddress]*</Type>
    <Type>System.Object</Type> 
  </Inherits>
  <Methods>
    <Method>
      <Imports />
      <Java>${this:16}.add(${arg})</Java>
      <Params>
        <Param>
          <Type>System.String</Type>
          <Name>arg</Name>
        </Param>
      </Params>
      <Name>Add</Name>
      <Return>System.Int32</Return>
    </Method>
  </Methods>
  <Properties>
    <Property>
      <Imports />
      <Java>${this:16}.size()</Java>
      <Type>System.Int32</Type>
      <Name>Count</Name>
      <Get>${this:16}.size()</Get>
      <Set>${this:16}.setCount(${value})</Set>
    </Property>
  </Properties>
  <Events />
  <Indexers />
  <Constructors />
  <Fields />
  <Casts />
  <UnaryOps />
  <BinaryOps />
<Signature xmlns="http://www.w3.org/2000/09/xmldsig#"><SignedInfo><CanonicalizationMethod Algorithm="http://www.w3.org/TR/2001/REC-xml-c14n-20010315" /><SignatureMethod Algorithm="http://www.w3.org/2000/09/xmldsig#rsa-sha1" /><Reference URI=""><Transforms><Transform Algorithm="http://www.w3.org/2000/09/xmldsig#enveloped-signature" /></Transforms><DigestMethod Algorithm="http://www.w3.org/2000/09/xmldsig#sha1" /><DigestValue>CTLssTmhjueUtg322kC8oRE8x8Y=</DigestValue></Reference></SignedInfo><SignatureValue>d3bx+T+hj4uqsg9FeTaWyZ5uH8bfXM4eJTpRnCx/lOywtzznnwSNKWdc7gGgIUvWN4jtam0pd/G7CwabXy/J+7XzxOD7U014UbG74LANTEV/o5GqlVkzjC2E6CzC8SAQO0ckn59HdrsU51SMqWPTypi1OkKpaH/ZtfZ0dvL5qZc=</SignatureValue></Signature></Class>
