﻿<?xml version="1.0" encoding="utf-8"?>
<!--

    This file is

    Copyright 2007,2008,2009,2010 Rustici Software, LLC
    Copyright 2010,2011 Kevin Glynn (kevin.glynn@twigletsoftware.com)

-->
<Class xmlns:xsi="http://www.w3.org/2001/XMLSchema-instance" xmlns:xsd="http://www.w3.org/2001/XMLSchema" xmlns="urn:www.twigletsoftware.com:schemas:txtemplate:1:0">
  <Imports>
    <Import>CS2JNet.System.Net.Mail.MailAddress</Import>
  </Imports>
  <Java>MailAddress</Java>
  <Name>System.Net.Mail.MailAddress</Name>
  <Uses />
  <Inherits>
    <Type>System.Object</Type>
  </Inherits>
  <Methods />
  <Properties />
  <Events />
  <Indexers />
  <Constructors>
    <Constructor>
      <Imports>
        <Import>CS2JNet.System.Net.Mail.MailAddress</Import>
      </Imports>
      <Java>new MailAddress(${address})</Java>
      <Params>
        <Param>
          <Type>System.String</Type>
          <Name>address</Name>
        </Param>
      </Params>
    </Constructor>
  </Constructors>
  <Fields />
  <Casts />
  <UnaryOps />
  <BinaryOps />
<Signature xmlns="http://www.w3.org/2000/09/xmldsig#"><SignedInfo><CanonicalizationMethod Algorithm="http://www.w3.org/TR/2001/REC-xml-c14n-20010315" /><SignatureMethod Algorithm="http://www.w3.org/2000/09/xmldsig#rsa-sha1" /><Reference URI=""><Transforms><Transform Algorithm="http://www.w3.org/2000/09/xmldsig#enveloped-signature" /></Transforms><DigestMethod Algorithm="http://www.w3.org/2000/09/xmldsig#sha1" /><DigestValue>i9mzQJbd+yhVa0wKHvgNvBCjH/I=</DigestValue></Reference></SignedInfo><SignatureValue>bVE1cdnZsF/C1nnOgMiXycN4pdvrvIAsON4VZV36oR7YdLhRDg9bO9tPRZmGrs2xIw60UGTKEr5+ygi8Hxha6ohp6uyPtIrFQFfQfedl/pI7uKWtNaKOCqvGGC0YewW220aiE2FePof76XGhoKc36cy3R5IKqMiT8l4S1fUs8NU=</SignatureValue></Signature></Class>
