﻿<?xml version="1.0" encoding="utf-8"?>
<!--

    This file is

    Copyright 2007,2008,2009,2010 Rustici Software, LLC
    Copyright 2010,2011 Kevin Glynn (kevin.glynn@twigletsoftware.com)

-->
<Class xmlns:xsi="http://www.w3.org/2001/XMLSchema-instance" xmlns:xsd="http://www.w3.org/2001/XMLSchema" xmlns="urn:www.twigletsoftware.com:schemas:txtemplate:1:0">
  <Imports>
    <Import>java.io.File</Import>
  </Imports>
  <Java>File</Java>
  <Name>System.IO.DirectoryInfo</Name>
  <Uses />
  <Inherits>
    <Type>System.IO.FileSystemInfo</Type>
  </Inherits>
  <Methods>
    <Method>
      <Imports>
        <Import>CS2JNet.JavaSupport.io.FilterOnlyFiles</Import>
      </Imports>
      <Java>${this:16}.listFiles(new FilterOnlyFiles())</Java>
      <Params />
      <Name>GetFiles</Name>
      <Return>System.IO.FileInfo[]</Return>
    </Method>
    <Method>
      <Imports>
        <Import>CS2JNet.JavaSupport.io.FilterOnlyDirs</Import>
      </Imports>
      <Java>${this:16}.listFiles(new FilterOnlyDirs())</Java>
      <Params />
      <Name>GetDirectories</Name>
      <Return>System.IO.FileInfo[]</Return>
    </Method>
    <Method>
      <Imports />
      <Java>${this:16}.listFiles()</Java>
      <Params />
      <Name>GetFileSystemInfos</Name>
      <Return>System.IO.FileSystemInfo[]</Return>
    </Method>
  </Methods>
  <Properties />
  <Events />
  <Indexers />
  <Constructors>
    <Constructor>
      <Imports>
        <Import>java.io.File</Import>
      </Imports>
      <Java>new File(${path})</Java>
      <Params>
        <Param>
          <Type>System.String</Type>
          <Name>path</Name>
        </Param>
      </Params>
    </Constructor>
  </Constructors>
  <Fields />
  <Casts />
  <UnaryOps />
  <BinaryOps />
<Signature xmlns="http://www.w3.org/2000/09/xmldsig#"><SignedInfo><CanonicalizationMethod Algorithm="http://www.w3.org/TR/2001/REC-xml-c14n-20010315" /><SignatureMethod Algorithm="http://www.w3.org/2000/09/xmldsig#rsa-sha1" /><Reference URI=""><Transforms><Transform Algorithm="http://www.w3.org/2000/09/xmldsig#enveloped-signature" /></Transforms><DigestMethod Algorithm="http://www.w3.org/2000/09/xmldsig#sha1" /><DigestValue>NJanqVIRU5Jqt79bLB9tjLbelKA=</DigestValue></Reference></SignedInfo><SignatureValue>FML+/nkG9wri0yTifdQTpb7dBBBLbtkxzTujiWJQFMc3ieQnQbT4juBevjnXZLmuZNEGl/fW4GI5coSaSchtcHUhkhG9a37jezuUAztdNi20+cYaNRiJGaQH0OqROgV/RX6sLtZ5zcQCaawUgp3rSTD3R3s7Jf1mYvLl7R4+ZaE=</SignatureValue></Signature></Class>
