﻿<?xml version="1.0" encoding="utf-8"?>
<!--

    This file is

    Copyright 2007,2008,2009,2010 Rustici Software, LLC
    Copyright 2010,2011 Kevin Glynn (kevin.glynn@twigletsoftware.com)

-->
<Enum xmlns:xsi="http://www.w3.org/2001/XMLSchema-instance" xmlns:xsd="http://www.w3.org/2001/XMLSchema" xmlns="urn:www.twigletsoftware.com:schemas:txtemplate:1:0">
  <Imports>
    <Import>CS2JNet.System.IO.FileMode</Import>
  </Imports>
  <Java>FileMode</Java>
  <Name>System.IO.FileMode</Name>
  <Inherits>
    <Type>System.Enum</Type>
  </Inherits>
  <Members>
    <Member>
      <Java>${this:16}.CreateNew</Java>
      <Name>CreateNew</Name>
    </Member>
    <Member>
      <Java>${this:16}.Create</Java>
      <Name>Create</Name>
    </Member>
    <Member>
      <Java>${this:16}.Open</Java>
      <Name>Open</Name>
    </Member>
    <Member>
      <Java>${this:16}.OpenOrCreate</Java>
      <Name>OpenOrCreate</Name>
    </Member>
    <Member>
      <Java>${this:16}.Truncate</Java>
      <Name>Truncate</Name>
    </Member>
    <Member>
      <Java>${this:16}.Append</Java>
      <Name>Append</Name>
    </Member>
  </Members>
<Signature xmlns="http://www.w3.org/2000/09/xmldsig#"><SignedInfo><CanonicalizationMethod Algorithm="http://www.w3.org/TR/2001/REC-xml-c14n-20010315" /><SignatureMethod Algorithm="http://www.w3.org/2000/09/xmldsig#rsa-sha1" /><Reference URI=""><Transforms><Transform Algorithm="http://www.w3.org/2000/09/xmldsig#enveloped-signature" /></Transforms><DigestMethod Algorithm="http://www.w3.org/2000/09/xmldsig#sha1" /><DigestValue>mo6ChmPjcAlAo0NBWLLZbsocykw=</DigestValue></Reference></SignedInfo><SignatureValue>RlUioSuamZxr9dmH+n+zDAoS31RAR3VRqGwbq0J8Ew28sRdZoXTjz2yJwWvSZIzMRNeMc0v8VZbLRMEM39bSKH51gWKuQ8TFyzTBwMzQDeDsNO5kzdxcE1DYGnZKKplPDKPM8n9mlpuDYginKU8dk3dA/CtPgAmc7X90AuPIhew=</SignatureValue></Signature></Enum>
