﻿<?xml version="1.0" encoding="utf-8"?>
<!--

    This file is

    Copyright 2007,2008,2009,2010 Rustici Software, LLC
    Copyright 2010,2011 Kevin Glynn (kevin.glynn@twigletsoftware.com)

-->
<Class xmlns:xsi="http://www.w3.org/2001/XMLSchema-instance" xmlns:xsd="http://www.w3.org/2001/XMLSchema" xmlns="urn:www.twigletsoftware.com:schemas:txtemplate:1:0">
  <Imports />
  <Java>Throwable</Java>
  <Name>System.IO.IOException</Name>
  <Uses />
  <Inherits>
    <Type>System.SystemException</Type>
  </Inherits>
  <Methods />
  <Properties />
  <Events />
  <Indexers />
  <Constructors>
    <Constructor>
      <Imports />
      <Java>new Throwable()</Java>
      <Params />
    </Constructor>
    <Constructor>
      <Imports />
      <Java>new Throwable(${message})</Java>
      <Params>
        <Param>
          <Type>System.String</Type>
          <Name>message</Name>
        </Param>
      </Params>
    </Constructor>
    <Constructor>
      <Imports />
      <Java>new IOException(${info},${ctxt})</Java>
      <Params>
        <Param>
          <Type>System.SerializationInfo</Type>
          <Name>info</Name>
        </Param>
        <Param>
          <Type>System.StreamingContext</Type>
          <Name>ctxt</Name>
        </Param>
      </Params>
    </Constructor>
    <Constructor>
      <Imports />
      <Java>new Throwable(${message}, ${inner})</Java>
      <Params>
        <Param>
          <Type>System.String</Type>
          <Name>message</Name>
        </Param>
        <Param>
          <Type>System.Exception</Type>
          <Name>inner</Name>
        </Param>
      </Params>
    </Constructor>
  </Constructors>
  <Fields />
  <Casts />
  <UnaryOps />
  <BinaryOps />
<Signature xmlns="http://www.w3.org/2000/09/xmldsig#"><SignedInfo><CanonicalizationMethod Algorithm="http://www.w3.org/TR/2001/REC-xml-c14n-20010315" /><SignatureMethod Algorithm="http://www.w3.org/2000/09/xmldsig#rsa-sha1" /><Reference URI=""><Transforms><Transform Algorithm="http://www.w3.org/2000/09/xmldsig#enveloped-signature" /></Transforms><DigestMethod Algorithm="http://www.w3.org/2000/09/xmldsig#sha1" /><DigestValue>Rh5b9fqcmJ3Mc6y4rcny3+nHpPo=</DigestValue></Reference></SignedInfo><SignatureValue>dKXPtM0THwShuICT119ryLha/pA86yoODUzSi+a0s/02gAyNr4538k8TSBsUQkwSKfHymKuskaYV8ecnYBUlWh7QNTp1QXqiaKlOGbpuAgP8utT3eHWgCzZwwURcGM7gHppwrtUuuFeCtS2QSN4YksGBii1mgjZ4/JnrzMJR2vY=</SignatureValue></Signature></Class>
