﻿<?xml version="1.0" encoding="utf-8"?>
<!--

    This file is

    Copyright 2007,2008,2009,2010 Rustici Software, LLC
    Copyright 2010,2011 Kevin Glynn (kevin.glynn@twigletsoftware.com)

-->
<Class xmlns:xsi="http://www.w3.org/2001/XMLSchema-instance" xmlns:xsd="http://www.w3.org/2001/XMLSchema" xmlns="urn:www.twigletsoftware.com:schemas:txtemplate:1:0">
  <Imports />
  <Java>Environment</Java>
  <Name>System.Environment</Name>
  <Uses />
  <Inherits>
    <Type>System.Object</Type>
  </Inherits>
  <Methods />
  <Properties>
    <Property>
      <Imports />
      <Java>System.getProperty("line.separator")</Java>
      <Type>System.String</Type>
      <Name>NewLine</Name>
      <Get>System.getProperty("line.separator")</Get>
      <Set>${this:16}.setNewLine(${value})</Set>
    </Property>
    <Property>
      <Imports>
        <Import>java.net.InetAddress</Import>
      </Imports>
      <Java>InetAddress.getLocalHost().getHostName()</Java>
      <Type>System.String</Type>
      <Name>MachineName</Name>
      <Get>InetAddress.getLocalHost().getHostName()</Get>
      <Set>${this:16}.setMachineName(${value})</Set>
    </Property>
  </Properties>
  <Events />
  <Indexers />
  <Constructors />
  <Fields />
  <Casts />
  <UnaryOps />
  <BinaryOps />
</Class>
