﻿<?xml version="1.0" encoding="utf-8"?>
<!--

    This file is

    Copyright 2007,2008,2009,2010 Rustici Software, LLC
    Copyright 2010,2011 Kevin Glynn (kevin.glynn@twigletsoftware.com)

-->
<Class xmlns:xsi="http://www.w3.org/2001/XMLSchema-instance" xmlns:xsd="http://www.w3.org/2001/XMLSchema" xmlns="urn:www.twigletsoftware.com:schemas:txtemplate:1:0">
  <Imports>
    <Import>java.util.UUID</Import>
  </Imports>
  <Java>UUID</Java>
  <Name>System.Guid</Name>
  <Uses />
  <Inherits>
    <Type>System.Object</Type>
  </Inherits>
  <Methods>
    <Method>
      <Imports>
        <Import>java.util.UUID</Import>
      </Imports>
      <Java>UUID.randomUUID()</Java>
      <Params />
      <Name>NewGuid</Name>
      <Return>System.Guid</Return>
    </Method>
  </Methods>
  <Properties />
  <Events />
  <Indexers />
  <Constructors>
    <Constructor>
      <Imports>
        <Import>java.util.UUID</Import>
      </Imports>
      <Params />
      <Java>UUID.randomUUID()</Java>
    </Constructor>
    <Constructor>
      <Imports>
        <Import>java.util.UUID</Import>
      </Imports>
      <Params>
        <Param>
          <Type>System.String</Type>
          <Name>g</Name>
        </Param>
      </Params>
      <Java>UUID.fromString(${g})</Java>
    </Constructor>
  </Constructors>
  <Fields>
    <Field>
      <Type>System.Guid</Type>
      <Name>Empty</Name>
      <Imports>
        <Import>java.util.UUID</Import>
      </Imports>
      <Java>UUID.fromString("00000000-0000-0000-0000-000000000000")</Java>
    </Field>
  </Fields>
  <Casts />
  <UnaryOps />
  <BinaryOps />
</Class>
