﻿<?xml version="1.0" encoding="utf-8"?>
<!--

    This file is

    Copyright 2007,2008,2009,2010 Rustici Software, LLC
    Copyright 2010,2011 Kevin Glynn (kevin.glynn@twigletsoftware.com)

-->
<Interface xmlns:xsi="http://www.w3.org/2001/XMLSchema-instance" xmlns:xsd="http://www.w3.org/2001/XMLSchema" xmlns="urn:www.twigletsoftware.com:schemas:txtemplate:1:0">
  <Imports />
  <Java>IComparable</Java>
  <Name>System.IComparable</Name>
  <Uses />
  <Inherits> <Type>System.Object</Type> </Inherits>
  <Methods>
    <Method>
      <Imports />
      <Java>${this:16}.Compare(${arg})</Java>
      <Params>
        <Param>
          <Type>System.Object</Type>
          <Name>arg</Name>
        </Param>
      </Params>
      <Name>CompareTo</Name>
      <Return>System.Int32</Return>
    </Method>
  </Methods>
  <Properties />
  <Events />
  <Indexers />
</Interface>
