﻿<?xml version="1.0" encoding="utf-8"?>
<!--

    This file is

    Copyright 2007,2008,2009,2010 Rustici Software, LLC
    Copyright 2010,2011 Kevin Glynn (kevin.glynn@twigletsoftware.com)

-->
<Class xmlns:xsi="http://www.w3.org/2001/XMLSchema-instance" xmlns:xsd="http://www.w3.org/2001/XMLSchema" xmlns="urn:www.twigletsoftware.com:schemas:txtemplate:1:0">
  <Imports />
  <Java>Class</Java>
  <Name>System.Type</Name>
  <Uses />
  <Inherits>
    <Type>System.Object</Type>
  </Inherits>
  <Methods>
    <Method>
      <Imports>
        <Import>CS2JNet.System.TypeSupport</Import>
      </Imports>
      <Java>TypeSupport.GetFields(${this})</Java>
      <Params />
      <Name>GetFields</Name>
      <Return>System.Reflection.FieldInfo[]</Return>
    </Method>
    <Method>
      <Imports>
        <Import>CS2JNet.System.TypeSupport</Import>
      </Imports>
      <Java>TypeSupport.GetFields(${this},${flags})</Java>
      <Params>
        <Param>
          <Type>System.Reflection.BindingFlags</Type>
          <Name>flags</Name>
        </Param>
      </Params>
      <Name>GetFields</Name>
      <Return>System.Reflection.FieldInfo[]</Return>
    </Method>
    <Method>
      <Imports>
        <Import>CS2JNet.System.TypeSupport</Import>
      </Imports>
      <Java>TypeSupport.GetField(${this},${name})</Java>
      <Params>
        <Param>
          <Type>System.String</Type>
          <Name>name</Name>
        </Param>
      </Params>
      <Name>GetField</Name>
      <Return>System.Reflection.FieldInfo</Return>
    </Method>
    <Method>
      <Imports>
        <Import>CS2JNet.System.TypeSupport</Import>
      </Imports>
      <Java>TypeSupport.GetField(${this},${name},${flags})</Java>
      <Params>
        <Param>
          <Type>System.String</Type>
          <Name>name</Name>
        </Param>
        <Param>
          <Type>System.Reflection.BindingFlags</Type>
          <Name>flags</Name>
        </Param>
      </Params>
      <Name>GetField</Name>
      <Return>System.Reflection.FieldInfo</Return>
    </Method>
    <Method>
      <Imports>
        <Import>CS2JNet.System.TypeSupport</Import>
      </Imports>
      <Java>TypeSupport.InvokeMember(${this}, ${name}, ${target}, ${args})</Java>
      <Params>
        <Param>
          <Type>System.String</Type>
          <Name>name</Name>
        </Param>
        <Param>
          <Type>System.Object</Type>
          <Name>invokeAttr</Name>
        </Param>
        <Param>
          <Type>System.Object</Type>
          <Name>binder</Name>
        </Param>
        <Param>
          <Type>System.Object</Type>
          <Name>target</Name>
        </Param>
        <Param>
          <Type>System.Object[]</Type>
          <Name>args</Name>
        </Param>
      </Params>
      <Name>InvokeMember</Name>
      <Return>System.Object</Return>
    </Method>
    <Method>
      <Imports>
        <Import>CS2JNet.System.TypeSupport</Import>
      </Imports>
      <Java>TypeSupport.GetTypeCode(${type})</Java>
      <Params>
        <Param>
          <Type>System.Type</Type>
          <Name>type</Name>
        </Param>
      </Params>
      <Name>GetTypeCode</Name>
      <Return>System.TypeCode</Return>
    </Method>
    <Method>
      <Return>System.Boolean</Return>
      <Name>IsAssignableFrom</Name>
      <Params>
        <Param>
          <Name>arg1</Name>
          <Type>System.Type</Type>
        </Param>
      </Params>
      <Java>${this:16}.isAssignableFrom(${arg1})</Java>
    </Method>
  </Methods>
  <Properties>
    <Property>
      <Imports />
      <Java>${this:16}.isEnum()</Java>
      <Type>System.Boolean</Type>
      <Name>IsEnum</Name>
      <Get>${this:16}.isEnum()</Get>
      <Set>${this:16}.setIsEnum(${value})</Set>
    </Property>
    <Property>
      <Imports />
      <Java>${this:16}.getName()</Java>
      <Type>System.String</Type>
      <Name>Name</Name>
      <Get>${this:16}.getName()</Get>
      <Set>${this:16}.setName(${value})</Set>
    </Property>
  </Properties>
  <Events />
  <Indexers />
  <Constructors />
  <Fields />
  <Casts />
  <UnaryOps />
  <BinaryOps />
</Class>
