﻿<?xml version="1.0" encoding="utf-8"?>
<!--

    This file is

    Copyright 2007,2008,2009,2010 Rustici Software, LLC
    Copyright 2010,2011 Kevin Glynn (kevin.glynn@twigletsoftware.com)

-->
<Interface variant="LCC" xmlns:xsi="http://www.w3.org/2001/XMLSchema-instance" xmlns:xsd="http://www.w3.org/2001/XMLSchema" xmlns="urn:www.twigletsoftware.com:schemas:txtemplate:1:0">
  <Imports>
    <Import>CS2JNet.System.LCC.IDisposable</Import>
  </Imports>
  <Java>IDisposable</Java>
  <Name>System.IDisposable</Name>
  <Uses />
  <Inherits> <Type>System.Object</Type> </Inherits>
  <Methods>
    <Method>
      <Imports />
      <Java>${this:16}.close()</Java>
      <Params />
      <Name>Dispose</Name>
      <Return>System.Void</Return>
    </Method>
  </Methods>
  <Properties />
  <Events />
  <Indexers />
<Signature xmlns="http://www.w3.org/2000/09/xmldsig#"><SignedInfo><CanonicalizationMethod Algorithm="http://www.w3.org/TR/2001/REC-xml-c14n-20010315" /><SignatureMethod Algorithm="http://www.w3.org/2000/09/xmldsig#rsa-sha1" /><Reference URI=""><Transforms><Transform Algorithm="http://www.w3.org/2000/09/xmldsig#enveloped-signature" /></Transforms><DigestMethod Algorithm="http://www.w3.org/2000/09/xmldsig#sha1" /><DigestValue>LYuGsVKWZHsnTw+gkph0FYZ2iYs=</DigestValue></Reference></SignedInfo><SignatureValue>DgWvsumXrVwXuaLSfMGKGFr9PkcXaCGpnMTIL/mmFsuMwtkyrGnZHlcV6HMmq2vc9izXrceKx5QsnnuQ1cMig4IXkNrPA5psthnZ5bwHnDElQOOiJrrhaLj9u1+z5rMldexiCV+MH2p/kxVaXtF4jwa4Lpgrv5/q+ZIDmJ3QMRA=</SignatureValue></Signature></Interface>
