﻿<?xml version="1.0" encoding="utf-8"?>
<!--

    This file is

    Copyright 2007,2008,2009,2010 Rustici Software, LLC
    Copyright 2010,2011 Kevin Glynn (kevin.glynn@twigletsoftware.com)

-->
<Class xmlns:xsi="http://www.w3.org/2001/XMLSchema-instance" xmlns:xsd="http://www.w3.org/2001/XMLSchema" xmlns="urn:www.twigletsoftware.com:schemas:txtemplate:1:0">
  <Imports>
  </Imports>
  <Java>NONE</Java>
  <Name>System.Text.RegularExpressions.Capture</Name>
  <Uses />
  <Inherits> <Type>System.Object</Type> </Inherits>
  <Methods />
  <Properties>
    <Property>
      <Imports />
      <Java>${this:16}.start()</Java>
      <Type>System.Int32</Type>
      <Name>Index</Name>
      <Get>${this:16}.start()</Get>
      <Set>${this:16}.setIndex(${value})</Set>
    </Property>
  </Properties>
  <Events />
  <Indexers />
  <Constructors />
  <Fields />
  <Casts />
  <UnaryOps />
  <BinaryOps />
<Signature xmlns="http://www.w3.org/2000/09/xmldsig#"><SignedInfo><CanonicalizationMethod Algorithm="http://www.w3.org/TR/2001/REC-xml-c14n-20010315" /><SignatureMethod Algorithm="http://www.w3.org/2000/09/xmldsig#rsa-sha1" /><Reference URI=""><Transforms><Transform Algorithm="http://www.w3.org/2000/09/xmldsig#enveloped-signature" /></Transforms><DigestMethod Algorithm="http://www.w3.org/2000/09/xmldsig#sha1" /><DigestValue>qo9HYYtPRApCmPzs4ZTqJdOc4Xg=</DigestValue></Reference></SignedInfo><SignatureValue>BHWBx5IDEfitzkBMLAbsrI3W7g4qkIsFlWIQsfPIjkNCvBoAIgLMBr6KaziBI81Ss8pfYkVv4GDP6fInuO3iggBz9FXJ6R7hZeiKeCbEQ45cbHmR73wg+0Lx0kk4drU0ZIJgzchSugNI9LPpkPUrAuiCqUsQZelzi7VVnxYUm9c=</SignatureValue></Signature></Class>
