﻿<?xml version="1.0" encoding="utf-8"?>
<!--

    This file is

    Copyright 2007,2008,2009,2010 Rustici Software, LLC
    Copyright 2010,2011 Kevin Glynn (kevin.glynn@twigletsoftware.com)

-->
<Class xmlns:xsi="http://www.w3.org/2001/XMLSchema-instance" xmlns:xsd="http://www.w3.org/2001/XMLSchema" xmlns="urn:www.twigletsoftware.com:schemas:txtemplate:1:0">
  <Imports />
  <Java>Activator</Java>
  <Name>System.Activator</Name>
  <Uses />
  <Inherits> <Type>System.Object</Type> </Inherits>
  <Methods>
    <Method>
      <Imports />
      <Java>${type}.newInstance()</Java>
      <Params>
        <Param>
          <Type>System.Type</Type>
          <Name>type</Name>
        </Param>
      </Params>
      <Name>CreateInstance</Name>
      <Return>System.Object</Return>
    </Method>
  </Methods>
  <Properties />
  <Events />
  <Indexers />
  <Constructors />
  <Fields />
  <Casts />
  <UnaryOps />
  <BinaryOps />
<Signature xmlns="http://www.w3.org/2000/09/xmldsig#"><SignedInfo><CanonicalizationMethod Algorithm="http://www.w3.org/TR/2001/REC-xml-c14n-20010315" /><SignatureMethod Algorithm="http://www.w3.org/2000/09/xmldsig#rsa-sha1" /><Reference URI=""><Transforms><Transform Algorithm="http://www.w3.org/2000/09/xmldsig#enveloped-signature" /></Transforms><DigestMethod Algorithm="http://www.w3.org/2000/09/xmldsig#sha1" /><DigestValue>csHM+322NGEkjhtUaqVqhEdDaf4=</DigestValue></Reference></SignedInfo><SignatureValue>bAZ8HiaaiLU21DKydvOquzxScfvhC9jk67KQ/yRI67oIZFK3CAfo04enMplJ2k84YoFIMrkZtvRidMJJrSahWHDl9qUWcYFfyRUuw3y1razVYcUYdS9OLVP9Gbhs8itCoKmPQ/bzY1mtMMKE3GQbgOgzG7Tjim+AO0yl6tpGYlU=</SignatureValue></Signature></Class>
