﻿<?xml version="1.0" encoding="utf-8"?>
<!--

    This file is

    Copyright 2007,2008,2009,2010 Rustici Software, LLC
    Copyright 2010,2011 Kevin Glynn (kevin.glynn@twigletsoftware.com)

-->
<Class xmlns:xsi="http://www.w3.org/2001/XMLSchema-instance" xmlns:xsd="http://www.w3.org/2001/XMLSchema" xmlns="urn:www.twigletsoftware.com:schemas:txtemplate:1:0">
  <Imports />
  <Java>Environment</Java>
  <Name>System.Environment</Name>
  <Uses />
  <Inherits>
    <Type>System.Object</Type>
  </Inherits>
  <Methods />
  <Properties>
    <Property>
      <Imports />
      <Java>System.getProperty("line.separator")</Java>
      <Type>System.String</Type>
      <Name>NewLine</Name>
      <Get>System.getProperty("line.separator")</Get>
      <Set>${this:16}.setNewLine(${value})</Set>
    </Property>
    <Property>
      <Imports>
        <Import>java.net.InetAddress</Import>
      </Imports>
      <Java>InetAddress.getLocalHost().getHostName()</Java>
      <Type>System.String</Type>
      <Name>MachineName</Name>
      <Get>InetAddress.getLocalHost().getHostName()</Get>
      <Set>${this:16}.setMachineName(${value})</Set>
    </Property>
  </Properties>
  <Events />
  <Indexers />
  <Constructors />
  <Fields />
  <Casts />
  <UnaryOps />
  <BinaryOps />
<Signature xmlns="http://www.w3.org/2000/09/xmldsig#"><SignedInfo><CanonicalizationMethod Algorithm="http://www.w3.org/TR/2001/REC-xml-c14n-20010315" /><SignatureMethod Algorithm="http://www.w3.org/2000/09/xmldsig#rsa-sha1" /><Reference URI=""><Transforms><Transform Algorithm="http://www.w3.org/2000/09/xmldsig#enveloped-signature" /></Transforms><DigestMethod Algorithm="http://www.w3.org/2000/09/xmldsig#sha1" /><DigestValue>ptKNWkfazFtlOdOMKPsKSvD096c=</DigestValue></Reference></SignedInfo><SignatureValue>ROp3Fp6wLw1rNYGt34gt3gvDzWW0XKLPMB9/vcEJL4Psd5erNgP2m1dNBPVYZ5/Sq7hReNwFGygxVoNDbJuC9gJ0LAS/mukUnTObx0qvfsSQzD/+RZc6iiN8Jlq3XNaV7yv2NwrQ07JnTBUT3RTeOXLLdPgVCUSRpVc87PJVifg=</SignatureValue></Signature></Class>
