﻿<?xml version="1.0" encoding="utf-8"?>
<!--

    This file is

    Copyright 2007,2008,2009,2010 Rustici Software, LLC
    Copyright 2010,2011 Kevin Glynn (kevin.glynn@twigletsoftware.com)

-->
<Interface xmlns:xsi="http://www.w3.org/2001/XMLSchema-instance" xmlns:xsd="http://www.w3.org/2001/XMLSchema" xmlns="urn:www.twigletsoftware.com:schemas:txtemplate:1:0">
  <Imports>
  </Imports>
  <Java>Cloneable</Java>
  <Name>System.ICloneable</Name>
  <Uses />
  <Inherits> <Type>System.Object</Type> </Inherits>
  <Methods>
    <Method>
      <Imports />
      <Java>${this:16}.clone()</Java>
      <Params />
      <Name>Clone</Name>
      <Return>System.Object</Return>
    </Method>
  </Methods>
  <Properties />
  <Events />
  <Indexers />
<Signature xmlns="http://www.w3.org/2000/09/xmldsig#"><SignedInfo><CanonicalizationMethod Algorithm="http://www.w3.org/TR/2001/REC-xml-c14n-20010315" /><SignatureMethod Algorithm="http://www.w3.org/2000/09/xmldsig#rsa-sha1" /><Reference URI=""><Transforms><Transform Algorithm="http://www.w3.org/2000/09/xmldsig#enveloped-signature" /></Transforms><DigestMethod Algorithm="http://www.w3.org/2000/09/xmldsig#sha1" /><DigestValue>u2nG8Uyuf+PYnlOdhaRxQ6HoTWE=</DigestValue></Reference></SignedInfo><SignatureValue>B65UQHeWayb2ALjl2pf8KJZBZ+azKV1CUD3y6H1CiX4V4Uy75BNemElxGZqb9vioYgjiXb67JROyng4ydVcizK0O1VY3M2O2TcERZSSHnzyezQOuPhyHmKM1ps0PclEHufl7h9zCBZ4gEY0dcSWL/eLb2YwNeMGYehu+QBMsAso=</SignatureValue></Signature></Interface>
