﻿<?xml version="1.0" encoding="utf-8"?>
<!--

    This file is

    Copyright 2007,2008,2009,2010 Rustici Software, LLC
    Copyright 2010,2011 Kevin Glynn (kevin.glynn@twigletsoftware.com)

-->
<Interface xmlns:xsi="http://www.w3.org/2001/XMLSchema-instance" xmlns:xsd="http://www.w3.org/2001/XMLSchema" xmlns="urn:www.twigletsoftware.com:schemas:txtemplate:1:0">
  <Imports>
    <Import>CS2JNet.System.IDisposable</Import>
  </Imports>
  <Java>IDisposable</Java>
  <Name>System.IDisposable</Name>
  <Uses />
  <Inherits> <Type>System.Object</Type> </Inherits>
  <Methods>
    <Method>
      <Imports />
      <Java>${this:16}.close()</Java>
      <Params />
      <Name>Dispose</Name>
      <Return>System.Void</Return>
    </Method>
  </Methods>
  <Properties />
  <Events />
  <Indexers />
<Signature xmlns="http://www.w3.org/2000/09/xmldsig#"><SignedInfo><CanonicalizationMethod Algorithm="http://www.w3.org/TR/2001/REC-xml-c14n-20010315" /><SignatureMethod Algorithm="http://www.w3.org/2000/09/xmldsig#rsa-sha1" /><Reference URI=""><Transforms><Transform Algorithm="http://www.w3.org/2000/09/xmldsig#enveloped-signature" /></Transforms><DigestMethod Algorithm="http://www.w3.org/2000/09/xmldsig#sha1" /><DigestValue>+vVUUFftRdH5Pr1U9UgceoocL/c=</DigestValue></Reference></SignedInfo><SignatureValue>iSpArQXUl74iZlhpxXJA0uxKNQP58ZhDGoiQafnENk6Sr2WkJrv1+FbrcL/VoqEvgT6EZ0lzvv1jbKJY0h6grUsn4CcN2J4MCttnAOCnemuxaVb00aASlLUwmN7InqdhebdjH4uFR7UUKm7qYq5EvAR095fu0A/zGWSJ7L/tXO4=</SignatureValue></Signature></Interface>
