﻿<?xml version="1.0" encoding="utf-8"?>
<!--

    This file is

    Copyright 2007,2008,2009,2010 Rustici Software, LLC
    Copyright 2010,2011 Kevin Glynn (kevin.glynn@twigletsoftware.com)

-->
<Class xmlns:xsi="http://www.w3.org/2001/XMLSchema-instance" xmlns:xsd="http://www.w3.org/2001/XMLSchema" xmlns="urn:www.twigletsoftware.com:schemas:txtemplate:1:0">
  <Imports>
    <Import>CS2JNet.System.InvalidCastException</Import>
  </Imports>
  <Java>InvalidCastException</Java>
  <Name>System.InvalidCastException</Name>
  <Uses />
  <Inherits>
    <Type>System.SystemException</Type>
  </Inherits>
  <Methods />
  <Properties />
  <Events />
  <Indexers />
  <Constructors>
    <Constructor>
      <Imports>
        <Import>CS2JNet.System.InvalidCastException</Import>
      </Imports>
      <Java>new InvalidCastException()</Java>
      <Params />
    </Constructor>
    <Constructor>
      <Imports>
        <Import>CS2JNet.System.InvalidCastException</Import>
      </Imports>
      <Java>new InvalidCastException(${message})</Java>
      <Params>
        <Param>
          <Type>System.String</Type>
          <Name>message</Name>
        </Param>
      </Params>
    </Constructor>
  </Constructors>
  <Fields />
  <Casts />
  <UnaryOps />
  <BinaryOps />
<Signature xmlns="http://www.w3.org/2000/09/xmldsig#"><SignedInfo><CanonicalizationMethod Algorithm="http://www.w3.org/TR/2001/REC-xml-c14n-20010315" /><SignatureMethod Algorithm="http://www.w3.org/2000/09/xmldsig#rsa-sha1" /><Reference URI=""><Transforms><Transform Algorithm="http://www.w3.org/2000/09/xmldsig#enveloped-signature" /></Transforms><DigestMethod Algorithm="http://www.w3.org/2000/09/xmldsig#sha1" /><DigestValue>Leq87l4mvDIXCO9GBoVObjKAjHE=</DigestValue></Reference></SignedInfo><SignatureValue>P4VblXRWnzh7rnJBACZ+qnTDIrnENVqpKCeGdyOHrEnzKBKQwlPU4h6brxyoEAZrlE9PCex9TtGdxcdBQrKWtnyCq7HXo1iJ9jbWKSEweWM/U8rKdQ2b9501Tz6hvXwSKzTu2kt+jwBjfKvyBmA2SBUMdqVFxijWQnL8AquzPb8=</SignatureValue></Signature></Class>
