﻿<?xml version="1.0" encoding="utf-8"?>
<!--

    This file is

    Copyright 2007,2008,2009,2010 Rustici Software, LLC
    Copyright 2010,2011 Kevin Glynn (kevin.glynn@twigletsoftware.com)

-->
<Class xmlns:xsi="http://www.w3.org/2001/XMLSchema-instance" xmlns:xsd="http://www.w3.org/2001/XMLSchema" xmlns="urn:www.twigletsoftware.com:schemas:txtemplate:1:0">
  <Imports />
  <Java>Throwable</Java>
  <Name>System.SystemException</Name>
  <Uses />
  <Inherits>
    <Type>System.Exception</Type>
  </Inherits>
  <Methods />
  <Properties />
  <Events />
  <Indexers />
  <Constructors>
    <Constructor>
      <Imports />
      <Java>new Throwable()</Java>
      <Params />
    </Constructor>
    <Constructor>
      <Imports />
      <Java>new Throwable(${message})</Java>
      <Params>
        <Param>
          <Type>System.String</Type>
          <Name>message</Name>
        </Param>
      </Params>
    </Constructor>
    <Constructor>
      <Imports />
      <Java>new SystemException(${info},${ctxt})</Java>
      <Params>
        <Param>
          <Type>System.SerializationInfo</Type>
          <Name>info</Name>
        </Param>
        <Param>
          <Type>System.StreamingContext</Type>
          <Name>ctxt</Name>
        </Param>
      </Params>
    </Constructor>
    <Constructor>
      <Imports />
      <Java>new Throwable(${message}, ${inner})</Java>
      <Params>
        <Param>
          <Type>System.String</Type>
          <Name>message</Name>
        </Param>
        <Param>
          <Type>System.Exception</Type>
          <Name>inner</Name>
        </Param>
      </Params>
    </Constructor>
  </Constructors>
  <Fields />
  <Casts />
  <UnaryOps />
  <BinaryOps />
<Signature xmlns="http://www.w3.org/2000/09/xmldsig#"><SignedInfo><CanonicalizationMethod Algorithm="http://www.w3.org/TR/2001/REC-xml-c14n-20010315" /><SignatureMethod Algorithm="http://www.w3.org/2000/09/xmldsig#rsa-sha1" /><Reference URI=""><Transforms><Transform Algorithm="http://www.w3.org/2000/09/xmldsig#enveloped-signature" /></Transforms><DigestMethod Algorithm="http://www.w3.org/2000/09/xmldsig#sha1" /><DigestValue>9LrwdR3SU+offA4kcbwRXk8h830=</DigestValue></Reference></SignedInfo><SignatureValue>hw1k4dmAdb+vO29prJ4koGdIFUJDpH68hd9m//KJ6pQjAIh2tAMFBFuT3/xPcNft3FVjDzudRj5WK5X+umcJdvyjdk0C5mnF7G/ZojStRH5XQDvzom+ZYpdv+ycjjZsJLLeVVxAISbyxt8vpSChcnbRKBovrdbfFfeCTUfbFG3M=</SignatureValue></Signature></Class>
