﻿<?xml version="1.0" encoding="utf-8"?>
<!--

    This file is

    Copyright 2007,2008,2009,2010 Rustici Software, LLC
    Copyright 2010,2011 Kevin Glynn (kevin.glynn@twigletsoftware.com)

-->
<Class xmlns:xsi="http://www.w3.org/2001/XMLSchema-instance" xmlns:xsd="http://www.w3.org/2001/XMLSchema" xmlns="urn:www.twigletsoftware.com:schemas:txtemplate:1:0">
  <Imports>
    <Import>javax.servlet.http.HttpServletResponse</Import>
  </Imports>
  <Java>HttpServletResponse</Java>
  <Name>System.Web.HttpResponse</Name>
  <Uses />
  <Inherits>
    <Type>System.Object</Type>
  </Inherits>
  <Methods />
  <Properties />
  <Events />
  <Indexers />
  <Constructors />
  <Fields />
  <Casts />
  <UnaryOps />
  <BinaryOps />
<Signature xmlns="http://www.w3.org/2000/09/xmldsig#"><SignedInfo><CanonicalizationMethod Algorithm="http://www.w3.org/TR/2001/REC-xml-c14n-20010315" /><SignatureMethod Algorithm="http://www.w3.org/2000/09/xmldsig#rsa-sha1" /><Reference URI=""><Transforms><Transform Algorithm="http://www.w3.org/2000/09/xmldsig#enveloped-signature" /></Transforms><DigestMethod Algorithm="http://www.w3.org/2000/09/xmldsig#sha1" /><DigestValue>kPj7P304u25a8Q4THlxPmOnIaGY=</DigestValue></Reference></SignedInfo><SignatureValue>Rz8lfdu/sjTURDxRTaWtcgqGWcjeeNFLQdllnLnonhyxXe+R3GxCa5JZYqOSvdYlM1Yg0s8VJw6jtKDPx1vS1r6pjgEIcy9ORzV2TUjk0QEHiU0uWyFm1RZhwWii6WdwhE2JB5a8l2wbIROFc37syIxLZghdD8BNupIBWtr7RhU=</SignatureValue></Signature></Class>
