﻿<?xml version="1.0" encoding="utf-8"?>
<!--

    This file is

    Copyright 2007,2008,2009,2010 Rustici Software, LLC
    Copyright 2010,2011 Kevin Glynn (kevin.glynn@twigletsoftware.com)

-->
<Class xmlns:xsi="http://www.w3.org/2001/XMLSchema-instance" xmlns:xsd="http://www.w3.org/2001/XMLSchema" xmlns="urn:www.twigletsoftware.com:schemas:txtemplate:1:0">
  <Imports>
    <Import>javax.servlet.http.HttpServletRequest</Import>
  </Imports>
  <Java>HttpServletRequest</Java>
  <Name>System.Web.HttpRequest</Name>
  <Uses />
  <Inherits>
    <Type>System.Object</Type>
  </Inherits>
  <Methods />
  <Properties />
  <Events />
  <Indexers />
  <Constructors />
  <Fields />
  <Casts />
  <UnaryOps />
  <BinaryOps />
<Signature xmlns="http://www.w3.org/2000/09/xmldsig#"><SignedInfo><CanonicalizationMethod Algorithm="http://www.w3.org/TR/2001/REC-xml-c14n-20010315" /><SignatureMethod Algorithm="http://www.w3.org/2000/09/xmldsig#rsa-sha1" /><Reference URI=""><Transforms><Transform Algorithm="http://www.w3.org/2000/09/xmldsig#enveloped-signature" /></Transforms><DigestMethod Algorithm="http://www.w3.org/2000/09/xmldsig#sha1" /><DigestValue>Jk1btaeupqF5fjl1NkD80YlAIUw=</DigestValue></Reference></SignedInfo><SignatureValue>RzK5COTi9JVRLib+VNzDAY0y/BZsDyE2UjmwwPxnfeqjVU3QkXgF/BRYseiF4hDagoEPU+UaQhZoU23bF5p2KwNd9Q4ybN4gJwFH6Xc6EHaIuYwFGRDljF+q22zJMrgwrT6MwdPWvzgyDsaIOiWP9swHS+2O5rvrO5cP9J/o0G8=</SignatureValue></Signature></Class>
