﻿<?xml version="1.0" encoding="utf-8"?>
<!--

    This file is

    Copyright 2007,2008,2009,2010 Rustici Software, LLC
    Copyright 2010,2011 Kevin Glynn (kevin.glynn@twigletsoftware.com)

-->
<Class xmlns:xsi="http://www.w3.org/2001/XMLSchema-instance" xmlns:xsd="http://www.w3.org/2001/XMLSchema" xmlns="urn:www.twigletsoftware.com:schemas:txtemplate:1:0">
  <Imports>
    <Import>CS2JNet.System.Resources.ResourceManager</Import>
  </Imports>
  <Java>ResourceManager</Java>
  <Name>System.Resources.ResourceManager</Name>
  <Uses />
  <Inherits> <Type>System.Object</Type> </Inherits>
  <Methods>
    <Method>
      <Imports />
      <Java>${this:16}.getString(${name})</Java>
      <Params>
        <Param>
          <Type>System.String</Type>
          <Name>name</Name>
        </Param>
      </Params>
      <Name>GetString</Name>
      <Return>System.String</Return>
    </Method>
  </Methods>
  <Properties />
  <Events />
  <Indexers />
  <Constructors>
    <Constructor>
      <Imports>
        <Import>CS2JNet.System.Resources.ResourceManager</Import>
      </Imports>
      <Java>new ResourceManager(${baseName}, ${assembly)) /* ignored parameters */ </Java>
      <Params>
        <Param>
          <Type>System.String</Type>
          <Name>baseName</Name>
        </Param>
        <Param>
          <Type>System.Reflection.Assembly</Type>
          <Name>assembly</Name>
        </Param>
      </Params>
    </Constructor>
  </Constructors>
  <Fields />
  <Casts />
  <UnaryOps />
  <BinaryOps />
<Signature xmlns="http://www.w3.org/2000/09/xmldsig#"><SignedInfo><CanonicalizationMethod Algorithm="http://www.w3.org/TR/2001/REC-xml-c14n-20010315" /><SignatureMethod Algorithm="http://www.w3.org/2000/09/xmldsig#rsa-sha1" /><Reference URI=""><Transforms><Transform Algorithm="http://www.w3.org/2000/09/xmldsig#enveloped-signature" /></Transforms><DigestMethod Algorithm="http://www.w3.org/2000/09/xmldsig#sha1" /><DigestValue>GAdFdogepOrRpsuAOF5Dbk+6DKY=</DigestValue></Reference></SignedInfo><SignatureValue>MLErRy6RBEPWxJCTWEsUxIpI5e2hHklaCCxykFP3gdE4E2xUjJDr4eTmfDJ/bhAkfaTzIR9CHiYkPpTvAepi3oMVQjcEZpAkPtP/1+L9VFkiWLAezfw3Te5r8sGfGnv1S2f4/1HHMDQcIPci+ZK3JZURfiWdZIEf4NQ0djxq0tE=</SignatureValue></Signature></Class>
