﻿<?xml version="1.0" encoding="utf-8"?>
<!--

    This file is

    Copyright 2007,2008,2009,2010 Rustici Software, LLC
    Copyright 2010,2011 Kevin Glynn (kevin.glynn@twigletsoftware.com)

-->
<Class xmlns:xsi="http://www.w3.org/2001/XMLSchema-instance" xmlns:xsd="http://www.w3.org/2001/XMLSchema" xmlns="urn:www.twigletsoftware.com:schemas:txtemplate:1:0">
  <Imports>
    <Import>java.util.Map</Import>
  </Imports>
  <Java>Map.Entry</Java>
  <Name>System.Collections.DictionaryEntry</Name>
  <Uses />
  <Inherits> <Type>System.Object</Type> </Inherits>
  <Methods />
  <Properties>
    <Property>
      <Imports />
      <Java>${this:16}.getKey()</Java>
      <Type>System.Object</Type>
      <Name>Key</Name>
      <Get>${this:16}.getKey()</Get>
      <Set>${this:16}.setKey(${value})</Set>
    </Property>
    <Property>
      <Imports />
      <Java>${this:16}.getValue()</Java>
      <Type>System.Object</Type>
      <Name>Value</Name>
      <Get>${this:16}.getValue()</Get>
      <Set>${this:16}.setValue(${value})</Set>
    </Property>
  </Properties>
  <Events />
  <Indexers />
  <Constructors />
  <Fields />
  <Casts />
  <UnaryOps />
  <BinaryOps />
<Signature xmlns="http://www.w3.org/2000/09/xmldsig#"><SignedInfo><CanonicalizationMethod Algorithm="http://www.w3.org/TR/2001/REC-xml-c14n-20010315" /><SignatureMethod Algorithm="http://www.w3.org/2000/09/xmldsig#rsa-sha1" /><Reference URI=""><Transforms><Transform Algorithm="http://www.w3.org/2000/09/xmldsig#enveloped-signature" /></Transforms><DigestMethod Algorithm="http://www.w3.org/2000/09/xmldsig#sha1" /><DigestValue>eTYKwE5MiNpvE4vXplBizURvVNg=</DigestValue></Reference></SignedInfo><SignatureValue>Fb5jiXxPu9S70KLfSCKliYyaL90Sk8SZumqB9Idc3qwVcMlRPFQAKuol+zsk/TENiDp7Nw48WJ/mQ5LxCO9a/0NV22c7/q9PYdIYlLZu3sApcS82/MtJ8AAeG/o8OvpjgaP71CS2xhZCE4DOnkrWBYJmQCF02jogJVpGWbDjARw=</SignatureValue></Signature></Class>
