﻿<?xml version="1.0" encoding="utf-8"?>
<!--

    This file is

    Copyright 2007,2008,2009,2010 Rustici Software, LLC
    Copyright 2010,2011 Kevin Glynn (kevin.glynn@twigletsoftware.com)

-->
<Class xmlns:xsi="http://www.w3.org/2001/XMLSchema-instance" xmlns:xsd="http://www.w3.org/2001/XMLSchema" xmlns="urn:www.twigletsoftware.com:schemas:txtemplate:1:0">
  <Imports>
    <Import>CS2JNet.System.Net.EndPoint</Import>
  </Imports>
  <Java>EndPoint</Java>
  <Name>System.Net.EndPoint</Name>
  <Uses />
  <Inherits>
    <Type>System.Object</Type>
  </Inherits>
  <Methods>
  </Methods>
  <Properties>
    <Property>
      <Type>System.Net.Sockets.AddressFamily</Type>
      <Name>AddressFamily</Name>
      <Get>${this:16}.getAddressFamily()</Get>
    </Property>
  </Properties>
  <Events />
  <Indexers />
  <Constructors>
  	<Constructor>
  	  <Params>
   	  </Params>
  	  <Imports>
  	    <Import>CS2JNet.System.Net.EndPoint</Import>
  	  </Imports>
  	  <Java>new EndPoint()</Java>
  	</Constructor>
  </Constructors>
  <Fields />
  <Casts />
  <UnaryOps />
  <BinaryOps />
<Signature xmlns="http://www.w3.org/2000/09/xmldsig#"><SignedInfo><CanonicalizationMethod Algorithm="http://www.w3.org/TR/2001/REC-xml-c14n-20010315" /><SignatureMethod Algorithm="http://www.w3.org/2000/09/xmldsig#rsa-sha1" /><Reference URI=""><Transforms><Transform Algorithm="http://www.w3.org/2000/09/xmldsig#enveloped-signature" /></Transforms><DigestMethod Algorithm="http://www.w3.org/2000/09/xmldsig#sha1" /><DigestValue>z6bqUEOS2xf+S6ZBKHLFsCOY4rY=</DigestValue></Reference></SignedInfo><SignatureValue>gy0g152rvsxcX0uvWpMbmkmI2mjSivJmVDa4WCnCnUSUpElwVfA34OaC5ryhv6PvdVgSgnbO4s5+QMPXSAAwcePpVTTxXo1F6CMCF6B2NzdA3mt8R9peMp4vsbYQnzEqmCqwAljdmyoN/JANmY5bl7JMKsNC7BZNr0Vasu8OhtA=</SignatureValue></Signature></Class>
