﻿<?xml version="1.0" encoding="utf-8"?>
<!--

    This file is

    Copyright 2007,2008,2009,2010 Rustici Software, LLC
    Copyright 2010,2011 Kevin Glynn (kevin.glynn@twigletsoftware.com)

-->
<Class xmlns:xsi="http://www.w3.org/2001/XMLSchema-instance" xmlns:xsd="http://www.w3.org/2001/XMLSchema" xmlns="urn:www.twigletsoftware.com:schemas:txtemplate:1:0">
  <Imports>
    <Import>java.net.HttpURLConnection</Import>
  </Imports>
  <Java>HttpURLConnection</Java>
  <Name>System.Net.HttpWebResponse</Name>
  <Uses />
  <Inherits>
    <Type>System.Net.WebResponse</Type>
  </Inherits>
  <Methods>
    <Method>
      <Imports />
      <Java>${this:16}.getInputStream()</Java>
      <Params />
      <Name>GetResponseStream</Name>
      <Return>System.IO.Stream</Return>
    </Method>
  </Methods>
  <Properties>
    <Property>
      <Imports />
      <Java>${this:16}.getResponseCode()</Java>
      <Type>System.Int32</Type>
      <Name>StatusCode</Name>
      <Get>${this:16}.getResponseCode()</Get>
      <Set>${this:16}.setStatusCode(${value})</Set>
    </Property>
  </Properties>
  <Events />
  <Indexers />
  <Constructors />
  <Fields />
  <Casts />
  <UnaryOps />
  <BinaryOps />
<Signature xmlns="http://www.w3.org/2000/09/xmldsig#"><SignedInfo><CanonicalizationMethod Algorithm="http://www.w3.org/TR/2001/REC-xml-c14n-20010315" /><SignatureMethod Algorithm="http://www.w3.org/2000/09/xmldsig#rsa-sha1" /><Reference URI=""><Transforms><Transform Algorithm="http://www.w3.org/2000/09/xmldsig#enveloped-signature" /></Transforms><DigestMethod Algorithm="http://www.w3.org/2000/09/xmldsig#sha1" /><DigestValue>fWIiMTx8Po8BuYwYPjzr32YIowg=</DigestValue></Reference></SignedInfo><SignatureValue>iQKS9syNoxTv4N1plioLEl4w0PndNYMvDTmCR0GDcdJzssSbOhoE3vhmKPZSsq4npDdaybsx+EDUbHbE/dtnarCOxDcvgn6oMS6ZMRN0A+YwDRM/Ngxowkha0JLWmgNTV8Q4wE+zv5zjfZF7AnQPDoMOfyJQnhNMIawa7Kulux8=</SignatureValue></Signature></Class>
