﻿<?xml version="1.0" encoding="utf-8"?>
<!--

    This file is

    Copyright 2007,2008,2009,2010 Rustici Software, LLC
    Copyright 2010,2011 Kevin Glynn (kevin.glynn@twigletsoftware.com)

-->
<Class xmlns:xsi="http://www.w3.org/2001/XMLSchema-instance" xmlns:xsd="http://www.w3.org/2001/XMLSchema" xmlns="urn:www.twigletsoftware.com:schemas:txtemplate:1:0">
  <Imports>
    <Import>java.io.File</Import>
  </Imports>
  <Java>File</Java>
  <Name>System.IO.FileInfo</Name>
  <Uses />
  <Inherits>
    <Type>System.IO.FileSystemInfo</Type>
  </Inherits>
  <Methods />
  <Properties>
    <Property>
      <Imports />
      <Java>${this:16}.getParent()</Java>
      <Type>System.String</Type>
      <Name>DirectoryName</Name>
      <Get>${this:16}.getParent()</Get>
      <Set>${this:16}.setDirectoryName(${value})</Set>
    </Property>
  </Properties>
  <Events />
  <Indexers />
  <Constructors>
    <Constructor>
      <Imports>
        <Import>java.io.File</Import>
      </Imports>
      <Java>new File(${fileName})</Java>
      <Params>
        <Param>
          <Type>System.String</Type>
          <Name>fileName</Name>
        </Param>
      </Params>
    </Constructor>
  </Constructors>
  <Fields />
  <Casts />
  <UnaryOps />
  <BinaryOps />
<Signature xmlns="http://www.w3.org/2000/09/xmldsig#"><SignedInfo><CanonicalizationMethod Algorithm="http://www.w3.org/TR/2001/REC-xml-c14n-20010315" /><SignatureMethod Algorithm="http://www.w3.org/2000/09/xmldsig#rsa-sha1" /><Reference URI=""><Transforms><Transform Algorithm="http://www.w3.org/2000/09/xmldsig#enveloped-signature" /></Transforms><DigestMethod Algorithm="http://www.w3.org/2000/09/xmldsig#sha1" /><DigestValue>zT7MZf/MtNsbtsieJgt1tkb8G18=</DigestValue></Reference></SignedInfo><SignatureValue>Dz4GmEgPd46EzWfr1FGFh+NdonIxqUFMo2PNIVqvWpOQZHV2QA/juzjeo6F0rURli/KIW9Mx1TGnVIVGrD32hzgerC62ladoAwS90ipITEf//X+mEfu1yEElV7ro7WEDF7Nixih1AhWMuS6bezc2Tm9B9dQpmtH4lOxHJFgis5g=</SignatureValue></Signature></Class>
