﻿<?xml version="1.0" encoding="utf-8"?>
<!--

    This file is

    Copyright 2007,2008,2009,2010 Rustici Software, LLC
    Copyright 2010,2011 Kevin Glynn (kevin.glynn@twigletsoftware.com)

-->
<Class xmlns:xsi="http://www.w3.org/2001/XMLSchema-instance" xmlns:xsd="http://www.w3.org/2001/XMLSchema" xmlns="urn:www.twigletsoftware.com:schemas:txtemplate:1:0">
  <Imports>
    <Import>java.io.StringReader</Import>
  </Imports>
  <Java>StringReader</Java>
  <Name>System.IO.StringReader</Name>
  <Uses />
  <Inherits>
    <Type>System.IO.TextReader</Type>
  </Inherits>
  <Methods />
  <Properties />
  <Events />
  <Indexers />
  <Constructors>
    <Constructor>
      <Imports>
        <Import>java.io.StringReader</Import>
      </Imports>
      <Java>new StringReader(${s})</Java>
      <Params>
        <Param>
          <Type>System.String</Type>
          <Name>s</Name>
        </Param>
      </Params>
    </Constructor>
  </Constructors>
  <Fields />
  <Casts />
  <UnaryOps />
  <BinaryOps />
<Signature xmlns="http://www.w3.org/2000/09/xmldsig#"><SignedInfo><CanonicalizationMethod Algorithm="http://www.w3.org/TR/2001/REC-xml-c14n-20010315" /><SignatureMethod Algorithm="http://www.w3.org/2000/09/xmldsig#rsa-sha1" /><Reference URI=""><Transforms><Transform Algorithm="http://www.w3.org/2000/09/xmldsig#enveloped-signature" /></Transforms><DigestMethod Algorithm="http://www.w3.org/2000/09/xmldsig#sha1" /><DigestValue>Hdd4PmMJ7tDg/ZezSRw2teEPm/A=</DigestValue></Reference></SignedInfo><SignatureValue>F2gNwFY5/0VXhnHL2StnuMeah9i4GURjxpCbGReRbO2gS1L690wJCIBzeSAP4JQTljpMuOpeCfk2Gj2PVVaD/lkb5GwsP9vWqCtYcwOnfHlt7AW1G0kIz3mR+ZKdODpyMP8Taba3ZfErFxc6yLxUL1d4hCnryAie/vDSDAMTtno=</SignatureValue></Signature></Class>
