﻿<?xml version="1.0" encoding="utf-8"?>
<!--

    This file is

    Copyright 2007,2008,2009,2010 Rustici Software, LLC
    Copyright 2010,2011 Kevin Glynn (kevin.glynn@twigletsoftware.com)

-->
<Class xmlns:xsi="http://www.w3.org/2001/XMLSchema-instance" xmlns:xsd="http://www.w3.org/2001/XMLSchema" xmlns="urn:www.twigletsoftware.com:schemas:txtemplate:1:0">
  <Imports>
    <Import>java.io.File</Import>
  </Imports>
  <Java>File</Java>
  <Name>System.IO.DirectoryInfo</Name>
  <Uses />
  <Inherits>
    <Type>System.IO.FileSystemInfo</Type>
  </Inherits>
  <Methods>
    <Method>
      <Imports>
        <Import>CS2JNet.JavaSupport.io.FilterOnlyFiles</Import>
      </Imports>
      <Java>${this:16}.listFiles(new FilterOnlyFiles())</Java>
      <Params />
      <Name>GetFiles</Name>
      <Return>System.IO.FileInfo[]</Return>
    </Method>
    <Method>
      <Imports>
        <Import>CS2JNet.JavaSupport.io.FilterOnlyDirs</Import>
      </Imports>
      <Java>${this:16}.listFiles(new FilterOnlyDirs())</Java>
      <Params />
      <Name>GetDirectories</Name>
      <Return>System.IO.FileInfo[]</Return>
    </Method>
    <Method>
      <Imports />
      <Java>${this:16}.listFiles()</Java>
      <Params />
      <Name>GetFileSystemInfos</Name>
      <Return>System.IO.FileSystemInfo[]</Return>
    </Method>
  </Methods>
  <Properties />
  <Events />
  <Indexers />
  <Constructors>
    <Constructor>
      <Imports>
        <Import>java.io.File</Import>
      </Imports>
      <Java>new File(${path})</Java>
      <Params>
        <Param>
          <Type>System.String</Type>
          <Name>path</Name>
        </Param>
      </Params>
    </Constructor>
  </Constructors>
  <Fields />
  <Casts />
  <UnaryOps />
  <BinaryOps />
</Class>
