﻿<?xml version="1.0" encoding="utf-8"?>
<!--

    This file is

    Copyright 2007,2008,2009,2010 Rustici Software, LLC
    Copyright 2010,2011 Kevin Glynn (kevin.glynn@twigletsoftware.com)

-->
<Enum xmlns:xsi="http://www.w3.org/2001/XMLSchema-instance" xmlns:xsd="http://www.w3.org/2001/XMLSchema" xmlns="urn:www.twigletsoftware.com:schemas:txtemplate:1:0">
  <Imports>
    <Import>CS2JNet.System.IO.FileAccess</Import>
  </Imports>
  <Java>FileAccess</Java>
  <Name>System.IO.FileAccess</Name>
  <Inherits>
    <Type>System.Enum</Type>
  </Inherits>
  <Members>
    <Member>
      <Java>${this:16}.Read</Java>
      <Name>Read</Name>
    </Member>
    <Member>
      <Java>${this:16}.Write</Java>
      <Name>Write</Name>
    </Member>
    <Member>
      <Java>${this:16}.ReadWrite</Java>
      <Name>ReadWrite</Name>
    </Member>
  </Members>
</Enum>
