﻿<?xml version="1.0" encoding="utf-8"?>
<!--

    This file is

    Copyright 2007,2008,2009,2010 Rustici Software, LLC
    Copyright 2010,2011 Kevin Glynn (kevin.glynn@twigletsoftware.com)

-->
<Class xmlns:xsi="http://www.w3.org/2001/XMLSchema-instance" xmlns:xsd="http://www.w3.org/2001/XMLSchema" xmlns="urn:www.twigletsoftware.com:schemas:txtemplate:1:0">
  <Imports>
    <Import>CS2JNet.System.IO.FileStreamSupport</Import>
  </Imports>
  <Java>FileStreamSupport</Java>
  <Name>System.IO.FileStream</Name>
  <Uses />
  <Inherits>
    <Type>System.IO.IDisposable</Type>
    <Type>System.IO.Stream</Type>
  </Inherits>
  <Methods />
  <Properties />
  <Events />
  <Indexers />
  <Constructors>
    <Constructor>
      <Imports>
        <Import>CS2JNet.System.IO.FileStreamSupport</Import>
      </Imports>
      <Java>new FileStreamSupport(${path}, ${mode}, ${access})</Java>
      <Params>
        <Param>
          <Type>System.String</Type>
          <Name>path</Name>
        </Param>
        <Param>
          <Type>System.IO.FileMode</Type>
          <Name>mode</Name>
        </Param>
        <Param>
          <Type>System.IO.FileAccess</Type>
          <Name>access</Name>
        </Param>
      </Params>
    </Constructor>
  </Constructors>
  <Fields />
  <Casts />
  <UnaryOps />
  <BinaryOps />
</Class>
