﻿<?xml version="1.0" encoding="utf-8"?>
<!--

    This file is

    Copyright 2007,2008,2009,2010 Rustici Software, LLC
    Copyright 2010,2011 Kevin Glynn (kevin.glynn@twigletsoftware.com)

-->
<Class xmlns:xsi="http://www.w3.org/2001/XMLSchema-instance" xmlns:xsd="http://www.w3.org/2001/XMLSchema" xmlns="urn:www.twigletsoftware.com:schemas:txtemplate:1:0">
  <Imports>
    <Import>java.io.BufferedReader</Import>
  </Imports>
  <Java>BufferedReader</Java>
  <Name>System.IO.TextReader</Name>
  <Uses />
  <Inherits>
    <Type>System.IDisposable</Type>
  </Inherits>
  <Methods>
    <Method>
      <Imports />
      <Java>${this:16}.close()</Java>
      <Params />
      <Name>Close</Name>
      <Return>System.Void</Return>
    </Method>
    <Method>
      <Imports />
      <Java>${this:16}.readLine()</Java>
      <Params />
      <Name>ReadLine</Name>
      <Return>System.String</Return>
    </Method>
    <Method>
      <Imports>
        <Import>CS2JNet.System.IO.TextReaderSupport</Import>
      </Imports>
      <Java>TextReaderSupport.readToEnd(${this})</Java>
      <Params />
      <Name>ReadToEnd</Name>
      <Return>System.String</Return>
    </Method>
  </Methods>
  <Properties />
  <Events />
  <Indexers />
  <Constructors />
  <Fields />
  <Casts />
  <UnaryOps />
  <BinaryOps />
</Class>
