﻿<?xml version="1.0" encoding="utf-8"?>
<!--

    This file is

    Copyright 2007,2008,2009,2010 Rustici Software, LLC
    Copyright 2010,2011 Kevin Glynn (kevin.glynn@twigletsoftware.com)

-->
<Class xmlns:xsi="http://www.w3.org/2001/XMLSchema-instance" xmlns:xsd="http://www.w3.org/2001/XMLSchema" xmlns="urn:www.twigletsoftware.com:schemas:txtemplate:1:0">
  <Imports>
    <Import>CS2JNet.System.Web.Services.Protocols.SoapHttpClientProtocol</Import>
  </Imports>
  <Java>SoapHttpClientProtocol</Java>
  <Name>System.Web.Services.Protocols.SoapHttpClientProtocol</Name>
  <Uses />
  <Inherits>
    <Type>System.Object</Type>
  </Inherits>
  <Methods>
    <Method>
      <Imports />
      <Java>${this:16}.invoke(${methodName}, ${parameters})</Java>
      <Params>
        <Param>
          <Type>System.String</Type>
          <Name>methodName</Name>
        </Param>
        <Param>
          <Type>System.Object[]</Type>
          <Name>parameters</Name>
        </Param>
      </Params>
      <Name>Invoke</Name>
      <Return>System.Object[]</Return>
    </Method>
  </Methods>
  <Properties>
    <Property>
      <Imports />
      <Java>${this:16}.getUrl()</Java>
      <Type>System.String</Type>
      <Name>Url</Name>
      <Get>${this:16}.getUrl()</Get>
      <Set>${this:16}.setUrl(${value})</Set>
    </Property>
    <Property>
      <Imports />
      <Java>${this:16}.getCookieContainer()</Java>
      <Type>System.String</Type>
      <Name>CookieContainer</Name>
      <Get>${this:16}.getCookieContainer()</Get>
      <Set>${this:16}.setCookieContainer(${value})</Set>
    </Property>
  </Properties>
  <Events />
  <Indexers />
  <Constructors />
  <Fields />
  <Casts />
  <UnaryOps />
  <BinaryOps />
<Signature xmlns="http://www.w3.org/2000/09/xmldsig#"><SignedInfo><CanonicalizationMethod Algorithm="http://www.w3.org/TR/2001/REC-xml-c14n-20010315" /><SignatureMethod Algorithm="http://www.w3.org/2000/09/xmldsig#rsa-sha1" /><Reference URI=""><Transforms><Transform Algorithm="http://www.w3.org/2000/09/xmldsig#enveloped-signature" /></Transforms><DigestMethod Algorithm="http://www.w3.org/2000/09/xmldsig#sha1" /><DigestValue>zdrfpqnCHi0M0t7c037Ytc1zpco=</DigestValue></Reference></SignedInfo><SignatureValue>ezp6//I7F0+EYOLUjWNvV/oMPIG09meR3l7r5A1iXUo6+OqMsqU4kkRQZAyLha3ZPuh3cMJyji5Vd0O1e5iB9TRUAREOMUQvHz+s5Rd3cBOqiHYs1GcYLs5dB5CnZNLw5QZMzj4qEeu2JT58RV5E1SA+nuCc6OybdBeQSKBAw88=</SignatureValue></Signature></Class>
