﻿<?xml version="1.0" encoding="utf-8"?>
<!--

    This file is

    Copyright 2007,2008,2009,2010 Rustici Software, LLC
    Copyright 2010,2011 Kevin Glynn (kevin.glynn@twigletsoftware.com)

-->
<Class xmlns:xsi="http://www.w3.org/2001/XMLSchema-instance" xmlns:xsd="http://www.w3.org/2001/XMLSchema" xmlns="urn:www.twigletsoftware.com:schemas:txtemplate:1:0">
  <Imports>
    <Import>CS2JNet.System.Web.Services.Protocols.SoapMessage</Import>
  </Imports>
  <Java>SoapMessage</Java>
  <Name>System.Web.Services.Protocols.SoapMessage</Name>
  <Uses />
  <Inherits>
    <Type>System.Object</Type>
  </Inherits>
  <Methods />
  <Properties>
    <Property>
      <Imports />
      <Java>${this:16}.getStream()</Java>
      <Type>System.IO.Stream</Type>
      <Name>Stream</Name>
      <Get>${this:16}.getStream()</Get>
      <Set>${this:16}.setStream(${value})</Set>
    </Property>
  </Properties>
  <Events />
  <Indexers />
  <Constructors />
  <Fields />
  <Casts />
  <UnaryOps />
  <BinaryOps />
<Signature xmlns="http://www.w3.org/2000/09/xmldsig#"><SignedInfo><CanonicalizationMethod Algorithm="http://www.w3.org/TR/2001/REC-xml-c14n-20010315" /><SignatureMethod Algorithm="http://www.w3.org/2000/09/xmldsig#rsa-sha1" /><Reference URI=""><Transforms><Transform Algorithm="http://www.w3.org/2000/09/xmldsig#enveloped-signature" /></Transforms><DigestMethod Algorithm="http://www.w3.org/2000/09/xmldsig#sha1" /><DigestValue>YsnNkww3E0/KZGqqb5e6RIBi1cg=</DigestValue></Reference></SignedInfo><SignatureValue>XaGKFFEYvXSqIOYHwVhwKXAsv/vH8NK/v0bEGIs1Kfn5bW9wxuIYFC4OW7/MuqYaorhlbHrPGhbVxhkPf4KGCGufmnAG9pS1YspdEKewwaPKQYdSFr4E0XqpzIaFxL6hcUAEjG44BMyKrxEJeFS/IvshCTfhiIY/VUjcf6+g2Pk=</SignatureValue></Signature></Class>
