﻿<?xml version="1.0" encoding="utf-8"?>
<!--

    This file is

    Copyright 2007,2008,2009,2010 Rustici Software, LLC
    Copyright 2010,2011 Kevin Glynn (kevin.glynn@twigletsoftware.com)

-->
<Class xmlns:xsi="http://www.w3.org/2001/XMLSchema-instance" xmlns:xsd="http://www.w3.org/2001/XMLSchema" xmlns="urn:www.twigletsoftware.com:schemas:txtemplate:1:0">
  <Imports>
    <Import>CS2JNet.System.Text.RegularExpressions.GroupCollection</Import>
  </Imports>
  <Java>GroupCollection</Java>
  <Name>System.Text.RegularExpressions.GroupCollection</Name>
  <Uses />
  <Inherits>
    <Type>System.Collections.ICollection</Type>
  </Inherits>
  <Methods />
  <Properties />
  <Events />
  <Indexers>
    <Indexer>
      <Imports />
      <Params>
        <Param>
          <Type>System.Int32</Type>
          <Name>key</Name>
        </Param>
      </Params>
      <Type>System.Text.RegularExpressions.Group</Type>
      <Get>${this:16}.get(${key})</Get>
    </Indexer>
    <Indexer>
      <Imports />
      <Warning>CS2J does not yet support Named groups in Regular Expressions</Warning>
      <Params>
        <Param>
          <Type>System.String</Type>
          <Name>key</Name>
        </Param>
      </Params>
      <Type>System.Text.RegularExpressions.Group</Type>
      <Get>${this:16}.get(${key})</Get>
    </Indexer>
  </Indexers>
  <Constructors>
  </Constructors>
  <Fields />
  <Casts />
  <UnaryOps />
  <BinaryOps />
</Class>
