﻿<?xml version="1.0" encoding="utf-8"?>
<!--

    This file is

    Copyright 2007,2008,2009,2010 Rustici Software, LLC
    Copyright 2010,2011 Kevin Glynn (kevin.glynn@twigletsoftware.com)

-->
<Class xmlns:xsi="http://www.w3.org/2001/XMLSchema-instance" xmlns:xsd="http://www.w3.org/2001/XMLSchema" xmlns="urn:www.twigletsoftware.com:schemas:txtemplate:1:0">
  <Imports>
    <Import>java.util.List</Import>
    <Import>CS2JNet.System.Text.RegularExpressions.Match</Import>
  </Imports>
  <Java>List*[Match]*</Java>
  <Name>System.Text.RegularExpressions.MatchCollection</Name>
  <Uses />
  <Inherits>
    <Type>System.Collections.Generic.IList*[System.Text.RegularExpressions.Match]*</Type>
  </Inherits>
  <Methods />
  <Properties />
  <Events />
  <Indexers>
  </Indexers>
  <Constructors>
  </Constructors>
  <Fields />
  <Casts />
  <UnaryOps />
  <BinaryOps />
</Class>
