﻿<?xml version="1.0" encoding="utf-8"?>
<!--

    This file is

    Copyright 2007,2008,2009,2010 Rustici Software, LLC
    Copyright 2010,2011 Kevin Glynn (kevin.glynn@twigletsoftware.com)

-->
<Interface xmlns:xsi="http://www.w3.org/2001/XMLSchema-instance" xmlns:xsd="http://www.w3.org/2001/XMLSchema" xmlns="urn:www.twigletsoftware.com:schemas:txtemplate:1:0">
  <Imports>
    <Import>java.lang.Iterable</Import>
  </Imports>
  <Java>Iterable</Java>
  <Name>System.Collections.IEnumerable</Name>
  <Uses />
  <Inherits> <Type>System.Object</Type> </Inherits>
  <Methods>
  </Methods>
  <Iterable>
    <ElementType>System.Object</ElementType>
    <Java>${expr}</Java>
  </Iterable>
  <Properties />
  <Events />
  <Indexers />
<Signature xmlns="http://www.w3.org/2000/09/xmldsig#"><SignedInfo><CanonicalizationMethod Algorithm="http://www.w3.org/TR/2001/REC-xml-c14n-20010315" /><SignatureMethod Algorithm="http://www.w3.org/2000/09/xmldsig#rsa-sha1" /><Reference URI=""><Transforms><Transform Algorithm="http://www.w3.org/2000/09/xmldsig#enveloped-signature" /></Transforms><DigestMethod Algorithm="http://www.w3.org/2000/09/xmldsig#sha1" /><DigestValue>BeblmQgYiXx8npI3AdBp2fKtlic=</DigestValue></Reference></SignedInfo><SignatureValue>W0+RXpuesVjW646h9NjqSADvTjId7OmWP+5IkLcVol4gsaVQmEoB8WJxMCzzxJ/mQrL2UafZk0GYEurGVe9HwI4EXsLy/i1AALD9SEMjncdL7DkI/aVrtmM0qCo+5yQsAtRkXzVbCPyx2gThthpiBE4MVd3AyuRw+OoLXL5xHR0=</SignatureValue></Signature></Interface>
