﻿<?xml version="1.0" encoding="utf-8"?>
<!--

    This file is

    Copyright 2007,2008,2009,2010 Rustici Software, LLC
    Copyright 2010,2011 Kevin Glynn (kevin.glynn@twigletsoftware.com)

-->
<Class xmlns:xsi="http://www.w3.org/2001/XMLSchema-instance" xmlns:xsd="http://www.w3.org/2001/XMLSchema" xmlns="urn:www.twigletsoftware.com:schemas:txtemplate:1:0">
  <Imports>
    <Import>java.util.List</Import>
  </Imports>
  <Java>List</Java>
  <Name>System.Collections.IList</Name>
  <Uses />
  <Inherits> <Type>System.Object</Type> </Inherits>
  <Methods>
    <Method>
      <Imports />
      <Java>${this:16}.add(${arg})</Java>
      <Params>
        <Param>
          <Type>System.Object</Type>
          <Name>arg</Name>
        </Param>
      </Params>
      <Name>Add</Name>
      <Return>System.Int32</Return>
    </Method>
    <Method>
      <Imports />
      <Java>${this:16}.contains(${key})</Java>
      <Params>
        <Param>
          <Type>System.Object</Type>
          <Name>key</Name>
        </Param>
      </Params>
      <Name>Contains</Name>
      <Return>System.Boolean</Return>
    </Method>
  </Methods>
  <Properties>
    <Property>
      <Imports />
      <Java>${this:16}.size()</Java>
      <Type>System.Int32</Type>
      <Name>Count</Name>
      <Get>${this:16}.size()</Get>
      <Set>${this:16}.setCount(${value})</Set>
    </Property>
  </Properties>
  <Events />
  <Indexers>
    <Indexer>
      <Imports />
      <Params>
        <Param>
          <Type>System.Int32</Type>
          <Name>i</Name>
        </Param>
      </Params>
      <Type>System.Object</Type>
      <Get>${this:16}.get(${i})</Get>
      <Set>${this:16}.put(${i}, ${value})</Set>
    </Indexer>
  </Indexers>
  <Constructors />
  <Fields />
  <Casts />
  <UnaryOps />
  <BinaryOps />
<Signature xmlns="http://www.w3.org/2000/09/xmldsig#"><SignedInfo><CanonicalizationMethod Algorithm="http://www.w3.org/TR/2001/REC-xml-c14n-20010315" /><SignatureMethod Algorithm="http://www.w3.org/2000/09/xmldsig#rsa-sha1" /><Reference URI=""><Transforms><Transform Algorithm="http://www.w3.org/2000/09/xmldsig#enveloped-signature" /></Transforms><DigestMethod Algorithm="http://www.w3.org/2000/09/xmldsig#sha1" /><DigestValue>jKtaIt9Mb8orQ5XjTN0rBD6NALM=</DigestValue></Reference></SignedInfo><SignatureValue>A4PZi9hfTW0DTyaISV0oegjg1hWfMLYrMdwd5iXP2XebpFCh15oiJefuYvsTSv2VG6QY0aQ/cifoMbqTu0+Mi/3iEpvPzsnmC/FQHDA6YWFJKnVp+/tV2tU6E7QnZaeyCK+i6ZDKhXFHMlpu1BstQv1aKzZwDMXv7vDqW92incc=</SignatureValue></Signature></Class>
