﻿<?xml version="1.0" encoding="utf-8"?>
<!--

    This file is

    Copyright 2007,2008,2009,2010 Rustici Software, LLC
    Copyright 2010,2011 Kevin Glynn (kevin.glynn@twigletsoftware.com)

-->
<Class xmlns:xsi="http://www.w3.org/2001/XMLSchema-instance" xmlns:xsd="http://www.w3.org/2001/XMLSchema" xmlns="urn:www.twigletsoftware.com:schemas:txtemplate:1:0">
  <Imports>
    <Import>java.security.cert.X509Certificate</Import>
  </Imports>
  <Java>X509Certificate</Java>
  <Name>System.Security.Cryptography.X509Certificates.X509Certificate2</Name>
  <Uses />
  <Inherits>
    <Type>System.Security.Cryptography.X509Certificates.X509Certificate</Type>
  </Inherits>
  <Methods />
  <Properties />
  <Events />
  <Indexers />
  <Constructors />
  <Fields />
  <Casts />
  <UnaryOps />
  <BinaryOps />
<Signature xmlns="http://www.w3.org/2000/09/xmldsig#"><SignedInfo><CanonicalizationMethod Algorithm="http://www.w3.org/TR/2001/REC-xml-c14n-20010315" /><SignatureMethod Algorithm="http://www.w3.org/2000/09/xmldsig#rsa-sha1" /><Reference URI=""><Transforms><Transform Algorithm="http://www.w3.org/2000/09/xmldsig#enveloped-signature" /></Transforms><DigestMethod Algorithm="http://www.w3.org/2000/09/xmldsig#sha1" /><DigestValue>0bVZIAgFUVRYJGnV8b5zzMaIWlM=</DigestValue></Reference></SignedInfo><SignatureValue>FC8lcXdxxaDQO7+b4d4BiaOri5/RCC3bg9RurAPQRpTkFcUiwlju02qaV3+SuXtyLawwdly9mHmVCVaGRKlI8snElRyZwyCjHFVYnGZeONa61PF8Yu+tKhYB1LZY3FbZR8M5fAiZq7G0ycCWEgyjl4gyA8nv5wD3E4uX23hri3Y=</SignatureValue></Signature></Class>
