﻿<?xml version="1.0" encoding="utf-8"?>
<!--

    This file is

    Copyright 2007,2008,2009,2010 Rustici Software, LLC
    Copyright 2010,2011 Kevin Glynn (kevin.glynn@twigletsoftware.com)

-->
<Class xmlns:xsi="http://www.w3.org/2001/XMLSchema-instance" xmlns:xsd="http://www.w3.org/2001/XMLSchema" xmlns="urn:www.twigletsoftware.com:schemas:txtemplate:1:0">
  <Imports />
  <Java>Exception</Java>
  <Name>System.Exception</Name>
  <Uses />
  <Inherits>
    <Type>System.Object</Type>
  </Inherits>
  <Methods />
  <Properties>
    <Property>
      <Imports />
      <Java>${this:16}.getMessage()</Java>
      <Type>System.String</Type>
      <Name>Message</Name>
      <Get>${this:16}.getMessage()</Get>
      <Set>${this:16}.setMessage(${value})</Set>
    </Property>
    <Property>
      <Imports>
        <Import>CS2JNet.System.ExceptionSupport</Import>
      </Imports>
      <Java>ExceptionSupport.getSource(${this})</Java>
      <Type>System.String</Type>
      <Name>Source</Name>
      <Get>ExceptionSupport.getSource(${this})</Get>
      <Set>${this:16}.setSource(${value})</Set>
    </Property>
    <Property>
      <Imports />
      <Java>${this:16}.getStackTrace().toString()</Java>
      <Type>System.String</Type>
      <Name>StackTrace</Name>
      <Get>${this:16}.getStackTrace().toString()</Get>
      <Set>${this:16}.setStackTrace(${value})</Set>
    </Property>
    <Property>
      <Imports />
      <Java>((Exception)${this:16}.getCause())</Java>
      <Type>System.Exception</Type>
      <Name>InnerException</Name>
      <Get>((Exception)${this:16}.getCause())</Get>
      <Set>${this:16}.setInnerException(${value})</Set>
    </Property>
  </Properties>
  <Events />
  <Indexers />
  <Constructors>
    <Constructor>
      <Imports />
      <Java>new Exception()</Java>
      <Params />
    </Constructor>
    <Constructor>
      <Imports />
      <Java>new Exception(${message})</Java>
      <Params>
        <Param>
          <Type>System.String</Type>
          <Name>message</Name>
        </Param>
      </Params>
    </Constructor>
    <Constructor>
      <Imports />
      <Java>new Exception(${info},${ctxt})</Java>
      <Params>
        <Param>
          <Type>System.SerializationInfo</Type>
          <Name>info</Name>
        </Param>
        <Param>
          <Type>System.StreamingContext</Type>
          <Name>ctxt</Name>
        </Param>
      </Params>
    </Constructor>
    <Constructor>
      <Imports />
      <Java>new Exception(${message}, ${inner})</Java>
      <Params>
        <Param>
          <Type>System.String</Type>
          <Name>message</Name>
        </Param>
        <Param>
          <Type>System.Exception</Type>
          <Name>inner</Name>
        </Param>
      </Params>
    </Constructor>
  </Constructors>
  <Fields />
  <Casts />
  <UnaryOps />
  <BinaryOps />
</Class>
