﻿<?xml version="1.0" encoding="utf-8"?>
<!--

    This file is

    Copyright 2007,2008,2009,2010 Rustici Software, LLC
    Copyright 2010,2011 Kevin Glynn (kevin.glynn@twigletsoftware.com)

-->
<Class xmlns:xsi="http://www.w3.org/2001/XMLSchema-instance" xmlns:xsd="http://www.w3.org/2001/XMLSchema" xmlns="urn:www.twigletsoftware.com:schemas:txtemplate:1:0">
  <Imports />
  <Java>StringSplitOptions</Java>
  <Name>System.StringSplitOptions</Name>
  <Uses />
  <Inherits> <Type>System.Object</Type> </Inherits>
  <Methods />
  <Properties>
    <Property>
      <Imports>
        <Import>CS2JNet.System.StringSplitOptions</Import>
      </Imports>
      <Java>StringSplitOptions.None</Java>
      <Type>System.StringSplitOptions</Type>
      <Name>None</Name>
      <Get>StringSplitOptions.None</Get>
      <Set>${this:16}.setNone(${value})</Set>
    </Property>
    <Property>
      <Imports>
        <Import>CS2JNet.System.StringSplitOptions</Import>
      </Imports>
      <Java>StringSplitOptions.RemoveEmptyEntries</Java>
      <Type>System.StringSplitOptions</Type>
      <Name>RemoveEmptyEntries</Name>
      <Get>StringSplitOptions.RemoveEmptyEntries</Get>
      <Set>${this:16}.setRemoveEmptyEntries(${value})</Set>
    </Property>
  </Properties>
  <Events />
  <Indexers />
  <Constructors />
  <Fields />
  <Casts />
  <UnaryOps />
  <BinaryOps />
</Class>
