﻿<?xml version="1.0" encoding="utf-8"?>
<!--

    This file is

    Copyright 2007,2008,2009,2010 Rustici Software, LLC
    Copyright 2010,2011 Kevin Glynn (kevin.glynn@twigletsoftware.com)

-->
<Class variant="LCC" xmlns:xsi="http://www.w3.org/2001/XMLSchema-instance" xmlns:xsd="http://www.w3.org/2001/XMLSchema" xmlns="urn:www.twigletsoftware.com:schemas:txtemplate:1:0">
  <Imports>
    <Import>CS2JNet.System.Collections.LCC.CSList</Import>
  </Imports>
  <Java>CSList*[${T}]*</Java>
  <Name>System.Collections.Generic.List</Name>
  <TypeParams>
    <Name>T</Name>
  </TypeParams>
  <Uses />
  <Inherits>
    <Type>IList*[T]*</Type>
    <Type>ICollection*[T]*</Type> 
    <Type>IEnumerable*[T]*</Type> 
  </Inherits>
  <Iterable>
    <ElementType>T</ElementType>
    <Java>${expr}</Java>
  </Iterable>
  <Methods>
    <Method>
      <Imports />
      <Java>${this:16}.add(${arg})</Java>
      <Params>
        <Param>
          <Type>T</Type>
          <Name>arg</Name>
        </Param>
      </Params>
      <Name>Add</Name>
      <Return>System.Void</Return>
    </Method>
    <Method>
      <Java>${this:16}.addRange(${arg})</Java>
      <Params>
        <Param>
          <Type>T[]</Type>
          <Name>arg</Name>
        </Param>
      </Params>
      <Name>AddRange</Name>
      <Return>System.Void</Return>
    </Method>
    <Method>
      <Imports />
      <Java>${this:16}.addRange(${arg})</Java>
      <Params>
        <Param>
          <Type>System.Collections.Generic.IEnumerable*[T]*</Type>
          <Name>arg</Name>
        </Param>
      </Params>
      <Name>AddRange</Name>
      <Return>System.Void</Return>
    </Method>
    <Method>
      <Imports />
      <Java>${this:16}.clear()</Java>
      <Params />
      <Name>Clear</Name>
      <Return>System.Void</Return>
    </Method>
    <Method>
      <Imports />
      <Java>${this:16}.contains(${key})</Java>
      <Params>
        <Param>
          <Type>T</Type>
          <Name>key</Name>
        </Param>
      </Params>
      <Name>Contains</Name>
      <Return>System.Boolean</Return>
    </Method>
    <Method>
      <Imports />
      <Java>${this:16}.add(${index}, ${value})</Java>
      <Params>
        <Param>
          <Type>System.Int32</Type>
          <Name>index</Name>
        </Param>
        <Param>
          <Type>T</Type>
          <Name>value</Name>
        </Param>
      </Params>
      <Name>Insert</Name>
      <Return>System.Void</Return>
    </Method>
    <Method>
      <Imports />
      <Java>${this:16}.remove(${value})</Java>
      <Params>
        <Param>
          <Type>T</Type>
          <Name>value</Name>
        </Param>
      </Params>
      <Name>Remove</Name>
      <Return>System.Boolean</Return>
    </Method>
    <Method>
      <Imports />
      <Java>${this:16}.remove((int)${value})</Java>
      <Params>
        <Param>
          <Type>System.Int32</Type>
          <Name>index</Name>
        </Param>
      </Params>
      <Name>RemoveAt</Name>
      <Return>System.Void</Return>
    </Method>
    <Method>
      <Java>((${T}[]) ${this:16}.toArray())</Java>
      <Params>
      </Params>
      <Name>ToArray</Name>
      <Return>T[]</Return>
    </Method>
    <Method>
      <Imports>
        <Import>java.util.Collections</Import>
      </Imports>
      <Java>Collections.sort(${this})</Java>
      <Params />
      <Name>Sort</Name>
      <Return>System.Void</Return>
    </Method>
  </Methods>
  <Properties>
    <Property>
      <Imports />
      <Java>${this:16}.size()</Java>
      <Type>System.Int32</Type>
      <Name>Count</Name>
      <Get>${this:16}.size()</Get>
      <Set>${this:16}.setCount(${value})</Set>
    </Property>
  </Properties>
  <Events />
  <Indexers>
    <Indexer>
      <Imports />
      <Params>
        <Param>
          <Type>System.Int32</Type>
          <Name>i</Name>
        </Param>
      </Params>
      <Type>T</Type>
      <Get>${this:16}.get(${i})</Get>
      <Set>${this:16}.add(${i}, ${value})</Set>
    </Indexer>
  </Indexers>
  <Constructors>
    <Constructor>
      <Imports />
      <Java>new CSList*[${T}]*()</Java>
      <Params />
    </Constructor>
    <Constructor>
      <Imports />
      <Java>new CSList*[${T}]*(${length})</Java>
      <Params>
        <Param>
          <Type>System.Int32</Type>
          <Name>length</Name>
        </Param>
      </Params>
    </Constructor>
    <Constructor>
      <Java>new CSList*[${T}]*(${collection})</Java>
      <Params>
        <Param>
          <Type>T[]</Type>
          <Name>collection</Name>
        </Param>
      </Params>
    </Constructor>
    <Constructor>
      <Java>new CSList*[${T}]*(${collection})</Java>
      <Params>
        <Param>
          <Type>System.Collections.Generic.IEnumerable*[T]*</Type>
          <Name>collection</Name>
        </Param>
      </Params>
    </Constructor>
  </Constructors>
  <Fields />
  <Casts />
  <UnaryOps />
  <BinaryOps />
<Signature xmlns="http://www.w3.org/2000/09/xmldsig#"><SignedInfo><CanonicalizationMethod Algorithm="http://www.w3.org/TR/2001/REC-xml-c14n-20010315" /><SignatureMethod Algorithm="http://www.w3.org/2000/09/xmldsig#rsa-sha1" /><Reference URI=""><Transforms><Transform Algorithm="http://www.w3.org/2000/09/xmldsig#enveloped-signature" /></Transforms><DigestMethod Algorithm="http://www.w3.org/2000/09/xmldsig#sha1" /><DigestValue>k97C42PO0s/QuK8IrdQybUwRZEk=</DigestValue></Reference></SignedInfo><SignatureValue>IGysO9MWX0jnmfLBVA7hnHWCfs6YqUIBEwPDR694XcBd3Se0ulpCN/BahoxIw6YI3xMF/wDhiww/3xqEbaKIVvO/cIF+ruOqGUqc3nM1ROKz+nLsI1b4RYZiieo2j+N2z9d6yS7Hco3u/KVk5Y8E2uw0PqfMFm1uljULble8R+8=</SignatureValue></Signature></Class>
