﻿<?xml version="1.0" encoding="utf-8"?>
<!--

    This file is

    Copyright 2007,2008,2009,2010 Rustici Software, LLC
    Copyright 2010,2011 Kevin Glynn (kevin.glynn@twigletsoftware.com)

-->
<Class xmlns:xsi="http://www.w3.org/2001/XMLSchema-instance" xmlns:xsd="http://www.w3.org/2001/XMLSchema" xmlns="urn:www.twigletsoftware.com:schemas:txtemplate:1:0">
  <Imports>
    <Import>CS2JNet.System.Xml.XmlAttribute</Import>
  </Imports>
  <Java>XmlAttribute</Java>
  <Name>System.Xml.XmlAttribute</Name>
  <Uses />
  <Inherits>
    <Type>System.Xml.XmlNode</Type>
  </Inherits>
  <Methods />
  <Properties>
    <Property>
      <Imports />
      <Java>${this:16}.getValue()</Java>
      <Type>System.String</Type>
      <Name>Value</Name>
      <Get>${this:16}.getValue()</Get>
      <Set>${this:16}.setValue(${value})</Set>
    </Property>
  </Properties>
  <Events />
  <Indexers />
  <Constructors />
  <Fields />
  <Casts />
  <UnaryOps />
  <BinaryOps />
<Signature xmlns="http://www.w3.org/2000/09/xmldsig#"><SignedInfo><CanonicalizationMethod Algorithm="http://www.w3.org/TR/2001/REC-xml-c14n-20010315" /><SignatureMethod Algorithm="http://www.w3.org/2000/09/xmldsig#rsa-sha1" /><Reference URI=""><Transforms><Transform Algorithm="http://www.w3.org/2000/09/xmldsig#enveloped-signature" /></Transforms><DigestMethod Algorithm="http://www.w3.org/2000/09/xmldsig#sha1" /><DigestValue>OL6I3JnhO+w8VMjcuSU2G73iSK8=</DigestValue></Reference></SignedInfo><SignatureValue>bxwsE0H2iIiJm/BTrFHDTyhDEfRoSoJy/IKPVWuGpiIVe3oQwVOPj82h0c665VuJSdab2WcDDCWslASwvrqkKY/iHNJos4paFe03FFPIWX/elj1gjPw09yD44G2BalrrddS7MoV9pZcHTmSIoXwiHsK2stjYD2sx/i/mHpkq6c4=</SignatureValue></Signature></Class>
