﻿<?xml version="1.0" encoding="utf-8"?>
<!--

    This file is

    Copyright 2007,2008,2009,2010 Rustici Software, LLC
    Copyright 2010,2011 Kevin Glynn (kevin.glynn@twigletsoftware.com)

-->
<Class xmlns:xsi="http://www.w3.org/2001/XMLSchema-instance" xmlns:xsd="http://www.w3.org/2001/XMLSchema" xmlns="urn:www.twigletsoftware.com:schemas:txtemplate:1:0">
  <Imports>
    <Import>CS2JNet.System.Xml.XmlCDataSection</Import>
  </Imports>
  <Java>XmlCDataSection</Java>
  <Name>System.Xml.XmlCDataSection</Name>
  <Uses />
  <Inherits>
    <Type>System.Xml.XmlNode</Type>
  </Inherits>
  <Methods />
  <Properties />
  <Events />
  <Indexers />
  <Constructors />
  <Fields />
  <Casts />
  <UnaryOps />
  <BinaryOps />
<Signature xmlns="http://www.w3.org/2000/09/xmldsig#"><SignedInfo><CanonicalizationMethod Algorithm="http://www.w3.org/TR/2001/REC-xml-c14n-20010315" /><SignatureMethod Algorithm="http://www.w3.org/2000/09/xmldsig#rsa-sha1" /><Reference URI=""><Transforms><Transform Algorithm="http://www.w3.org/2000/09/xmldsig#enveloped-signature" /></Transforms><DigestMethod Algorithm="http://www.w3.org/2000/09/xmldsig#sha1" /><DigestValue>xpiqBmA5tlnty6Qdyxk4ovi3fm8=</DigestValue></Reference></SignedInfo><SignatureValue>TFrd1aHPwY49/OYNAkNY8Ohe/IfgcueqE8Fnc0vsfa2AK8HVnN/obcpoHkr4vNiTsvDB7lj9ty30de/hQjqGX4c/TP1OAL/aXxE5UDCwYbsc4WnGFx9LyQvBAKXbMGAnAvIxLhReiTFTUpC6IY7IxYoM66znw9OSfCIDj0xdwZg=</SignatureValue></Signature></Class>
