﻿<?xml version="1.0" encoding="utf-8"?>
<!--

    This file is

    Copyright 2007,2008,2009,2010 Rustici Software, LLC
    Copyright 2010,2011 Kevin Glynn (kevin.glynn@twigletsoftware.com)

-->
<Class xmlns:xsi="http://www.w3.org/2001/XMLSchema-instance" xmlns:xsd="http://www.w3.org/2001/XMLSchema" xmlns="urn:www.twigletsoftware.com:schemas:txtemplate:1:0">
  <Imports>
    <Import>CS2JNet.System.Xml.XmlDeclaration</Import>
  </Imports>
  <Java>XmlDeclaration</Java>
  <Name>System.Xml.XmlDeclaration</Name>
  <Uses />
  <Inherits>
    <Type>System.Xml.XmlNode</Type>
  </Inherits>
  <Methods />
  <Properties />
  <Events />
  <Indexers />
  <Constructors />
  <Fields />
  <Casts />
  <UnaryOps />
  <BinaryOps />
<Signature xmlns="http://www.w3.org/2000/09/xmldsig#"><SignedInfo><CanonicalizationMethod Algorithm="http://www.w3.org/TR/2001/REC-xml-c14n-20010315" /><SignatureMethod Algorithm="http://www.w3.org/2000/09/xmldsig#rsa-sha1" /><Reference URI=""><Transforms><Transform Algorithm="http://www.w3.org/2000/09/xmldsig#enveloped-signature" /></Transforms><DigestMethod Algorithm="http://www.w3.org/2000/09/xmldsig#sha1" /><DigestValue>kIe9pnH2C+0f9Z99gWAR3SYtbMg=</DigestValue></Reference></SignedInfo><SignatureValue>RcCGoifo8K54B+wXJs0SS4LmAwO4yS0RbDEh12D6om3fyEk01J9pTBrbsO2QHOWAR6IbEhfJvT+mEvg9ixdQCfKI3TXVXdnarjO9HT1YxKd0hS3RrVYv6BBCG5dusItzRagHLEVmJ6/neM17+G2rrwvOF7XShnN+J5VTho57GuY=</SignatureValue></Signature></Class>
