﻿<?xml version="1.0" encoding="utf-8"?>
<!--

    This file is

    Copyright 2007,2008,2009,2010 Rustici Software, LLC
    Copyright 2010,2011 Kevin Glynn (kevin.glynn@twigletsoftware.com)

-->
<Class xmlns:xsi="http://www.w3.org/2001/XMLSchema-instance" xmlns:xsd="http://www.w3.org/2001/XMLSchema" xmlns="urn:www.twigletsoftware.com:schemas:txtemplate:1:0">
  <Imports>
    <Import>org.w3c.dom.Node</Import>
  </Imports>
  <Java>Node</Java>
  <Name>System.Xml.XmlLinkedNode</Name>
  <Uses />
  <Inherits>
    <Type>System.Xml.XmlNode</Type>
  </Inherits>
  <Methods>
    <Method>
      <Imports />
      <Java>${this:16}.Load(${p})</Java>
      <Params>
        <Param>
          <Type>System.String</Type>
          <Name>p</Name>
        </Param>
      </Params>
      <Name>Load</Name>
      <Return>System.Xml.XmlDocument</Return>
    </Method>
    <Method>
      <Imports />
      <Java>Character.isDigit(${ch})</Java>
      <Params>
        <Param>
          <Type>System.Char</Type>
          <Name>ch</Name>
        </Param>
      </Params>
      <Name>IsDigit</Name>
      <Return>System.Boolean</Return>
    </Method>
  </Methods>
  <Properties />
  <Events />
  <Indexers />
  <Constructors />
  <Fields />
  <Casts />
  <UnaryOps />
  <BinaryOps />
<Signature xmlns="http://www.w3.org/2000/09/xmldsig#"><SignedInfo><CanonicalizationMethod Algorithm="http://www.w3.org/TR/2001/REC-xml-c14n-20010315" /><SignatureMethod Algorithm="http://www.w3.org/2000/09/xmldsig#rsa-sha1" /><Reference URI=""><Transforms><Transform Algorithm="http://www.w3.org/2000/09/xmldsig#enveloped-signature" /></Transforms><DigestMethod Algorithm="http://www.w3.org/2000/09/xmldsig#sha1" /><DigestValue>KLQRZY6UbLVfSP7mqPtSBsHiPx8=</DigestValue></Reference></SignedInfo><SignatureValue>fClYERz/B5m4KyMga+Bmfg+d3QNW3XGDTQMdx2bcrmMeGikjp8BpncolUHY4cNwPasFXjuuYB4ijBVkfjgXz+4rMIG9DAMqYScIcFFugc+vcnAWMKI6+65m8RhdWhnLBR2ZrRYhe9OB3xlQiOcdf41HUAjT5hY/xCLqeTPEVnFM=</SignatureValue></Signature></Class>
