﻿<?xml version="1.0" encoding="utf-8"?>
<!--

    This file is

    Copyright 2007,2008,2009,2010 Rustici Software, LLC
    Copyright 2010,2011 Kevin Glynn (kevin.glynn@twigletsoftware.com)

-->
<Class xmlns:xsi="http://www.w3.org/2001/XMLSchema-instance" xmlns:xsd="http://www.w3.org/2001/XMLSchema" xmlns="urn:www.twigletsoftware.com:schemas:txtemplate:1:0">
  <Imports />
  <Java>short</Java>
  <Name>System.Xml.XmlNodeType</Name>
  <Uses />
  <Inherits> <Type>System.Object</Type> </Inherits>
  <Methods />
  <Properties>
    <Property>
      <Imports />
      <Java>org.w3c.dom.Node.ELEMENT_NODE</Java>
      <Type>short</Type>
      <Name>Element</Name>
      <Get>org.w3c.dom.Node.ELEMENT_NODE</Get>
      <Set>${this:16}.setElement(${value})</Set>
    </Property>
    <Property>
      <Imports />
      <Java>org.w3c.dom.Node.ATTRIBUTE_NODE</Java>
      <Type>short</Type>
      <Name>Attribute</Name>
      <Get>org.w3c.dom.Node.ATTRIBUTE_NODE</Get>
      <Set>${this:16}.setAttribute(${value})</Set>
    </Property>
    <Property>
      <Imports />
      <Java>org.w3c.dom.Node.TEXT_NODE</Java>
      <Type>short</Type>
      <Name>Text</Name>
      <Get>org.w3c.dom.Node.TEXT_NODE</Get>
      <Set>${this:16}.setText(${value})</Set>
    </Property>
  </Properties>
  <Events />
  <Indexers />
  <Constructors />
  <Fields />
  <Casts />
  <UnaryOps />
  <BinaryOps />
<Signature xmlns="http://www.w3.org/2000/09/xmldsig#"><SignedInfo><CanonicalizationMethod Algorithm="http://www.w3.org/TR/2001/REC-xml-c14n-20010315" /><SignatureMethod Algorithm="http://www.w3.org/2000/09/xmldsig#rsa-sha1" /><Reference URI=""><Transforms><Transform Algorithm="http://www.w3.org/2000/09/xmldsig#enveloped-signature" /></Transforms><DigestMethod Algorithm="http://www.w3.org/2000/09/xmldsig#sha1" /><DigestValue>S9e3q4e0ObqDaM3smx1adNhZFeg=</DigestValue></Reference></SignedInfo><SignatureValue>f8vszb2fX4eBX9nhodiMUT9S1wfIS3Y3NCWTroN3y1k2+zpLlUZncYRu76CAqaigQjSxP5YdDz7edMwvQX0x2Q16LRQuRx6C0uYlxTauRZ4ygDpSFfsT3dlEr6kBqeMelnNPpFseWXYm7Bt/bV9UM3ytWN9aBIhp+E8dmmSVNtY=</SignatureValue></Signature></Class>
