﻿<?xml version="1.0" encoding="utf-8"?>
<!--

    This file is

    Copyright 2007,2008,2009,2010 Rustici Software, LLC
    Copyright 2010,2011 Kevin Glynn (kevin.glynn@twigletsoftware.com)

-->
<Class xmlns:xsi="http://www.w3.org/2001/XMLSchema-instance" xmlns:xsd="http://www.w3.org/2001/XMLSchema" xmlns="urn:www.twigletsoftware.com:schemas:txtemplate:1:0">
  <Imports>
    <Import>CS2JNet.System.Xml.XmlNodeList</Import>
  </Imports>
  <Java>XmlNodeList</Java>
  <Name>System.Xml.XmlNodeList</Name>
  <Uses />
  <Inherits>
    <Type>System.Object</Type>
    <Type>System.Collections.IList</Type>
  </Inherits>
  <Methods>
    <Method>
      <Imports />
      <Java>${this:16}.get(${idx})</Java>
      <Params>
        <Param>
          <Type>System.Int32</Type>
          <Name>idx</Name>
        </Param>
      </Params>
      <Name>Item</Name>
      <Return>System.Xml.XmlNode</Return>
    </Method>
  </Methods>
  <Properties>
    <Property>
      <Imports />
      <Java>${this:16}.size()</Java>
      <Type>System.Int32</Type>
      <Name>Count</Name>
      <Get>${this:16}.size()</Get>
      <Set>${this:16}.setCount(${value})</Set>
    </Property>
  </Properties>
  <Events />
  <Indexers>
    <Indexer>
      <Imports />
      <Params>
        <Param>
          <Type>System.Int32</Type>
          <Name>idx</Name>
        </Param>
      </Params>
      <Type>System.Xml.XmlNode</Type>
      <Get>${this:16}.get(${idx})</Get>
    </Indexer>
  </Indexers>
  <Constructors />
  <Fields />
  <Casts />
  <UnaryOps />
  <BinaryOps />
<Signature xmlns="http://www.w3.org/2000/09/xmldsig#"><SignedInfo><CanonicalizationMethod Algorithm="http://www.w3.org/TR/2001/REC-xml-c14n-20010315" /><SignatureMethod Algorithm="http://www.w3.org/2000/09/xmldsig#rsa-sha1" /><Reference URI=""><Transforms><Transform Algorithm="http://www.w3.org/2000/09/xmldsig#enveloped-signature" /></Transforms><DigestMethod Algorithm="http://www.w3.org/2000/09/xmldsig#sha1" /><DigestValue>/BEFIRSP5RGWxjBPahtjtLqXT0k=</DigestValue></Reference></SignedInfo><SignatureValue>KwH0nJnDIV/AbIdLhWGML49ywpBALR44jwlokCtYXxCMnB/lrzZja2u1EmTuF6vKznHK/qwbpwXStGtp5mHWXAlkMWjPA+bd6ZT2vWkDi9wIJWXidXVr9hoE3/msGvgPgJZ7jJgiuj8KzWWWSAfQFyiLdRdvAHfVLfRoNQ6GKa4=</SignatureValue></Signature></Class>
