﻿<?xml version="1.0" encoding="utf-8"?>
<!--

    This file is

    Copyright 2007,2008,2009,2010 Rustici Software, LLC
    Copyright 2010,2011 Kevin Glynn (kevin.glynn@twigletsoftware.com)

-->
<Class xmlns:xsi="http://www.w3.org/2001/XMLSchema-instance" xmlns:xsd="http://www.w3.org/2001/XMLSchema" xmlns="urn:www.twigletsoftware.com:schemas:txtemplate:1:0">
  <Imports>
    <Import>java.util.Locale</Import>
  </Imports>
  <Java>Locale</Java>
  <Name>System.Globalization.NumberFormatInfo</Name>
  <Uses />
  <Inherits>
    <Type>System.ICloneable</Type>
    <Type>System.IFormatProvider</Type>
  </Inherits>
  <Methods />
  <Properties>
    <Property>
      <Imports>
        <Import>CS2JNet.JavaSupport.util.LocaleSupport</Import>
      </Imports>
      <Java>LocaleSupport.INVARIANT</Java>
      <Type>System.Globalization.NumberFormatInfo</Type>
      <Name>InvariantInfo</Name>
      <Get>LocaleSupport.INVARIANT</Get>
      <Set>${this:16}.setInvariantInfo(${value})</Set>
    </Property>
  </Properties>
  <Events />
  <Indexers />
  <Constructors>
    <Constructor>
      <Imports>
        <Import>CS2JNet.JavaSupport.util.LocaleSupport</Import>
      </Imports>
      <Java>LocaleSupport.INVARIANT</Java>
      <Params />
    </Constructor>
  </Constructors>
  <Fields />
  <Casts />
  <UnaryOps />
  <BinaryOps />
<Signature xmlns="http://www.w3.org/2000/09/xmldsig#"><SignedInfo><CanonicalizationMethod Algorithm="http://www.w3.org/TR/2001/REC-xml-c14n-20010315" /><SignatureMethod Algorithm="http://www.w3.org/2000/09/xmldsig#rsa-sha1" /><Reference URI=""><Transforms><Transform Algorithm="http://www.w3.org/2000/09/xmldsig#enveloped-signature" /></Transforms><DigestMethod Algorithm="http://www.w3.org/2000/09/xmldsig#sha1" /><DigestValue>hNTYNBbpVjGNDduq5f1DR52cmBQ=</DigestValue></Reference></SignedInfo><SignatureValue>S7kMe5TlEJRRqsmDhi4DBf+PXnSN1+IXuEBsf5e7oNJYTkSW0p5mNLSh9WXsEofeQF+pFllqk5br7fzynm4AgU5+BEpdphi5DbpTardAEe/s1jWIuy7NPgGW8iEX7kn+9igBfODOo+FQVG9z0hVXRHF0E3nQIvGwqEJrOzAwhZY=</SignatureValue></Signature></Class>
