﻿<?xml version="1.0" encoding="utf-8"?>
<!--

    This file is

    Copyright 2007,2008,2009,2010 Rustici Software, LLC
    Copyright 2010,2011 Kevin Glynn (kevin.glynn@twigletsoftware.com)

-->
<Class xmlns:xsi="http://www.w3.org/2001/XMLSchema-instance" xmlns:xsd="http://www.w3.org/2001/XMLSchema" xmlns="urn:www.twigletsoftware.com:schemas:txtemplate:1:0">
  <Imports>
    <Import>java.io.File</Import>
  </Imports>
  <Java>File</Java>
  <Name>System.IO.FileSystemInfo</Name>
  <Uses />
  <Inherits> <Type>System.Object</Type> </Inherits>
  <Methods />
  <Properties>
    <Property>
      <Imports />
      <Java>${this:16}.getName()</Java>
      <Type>System.String</Type>
      <Name>Name</Name>
      <Get>${this:16}.getName()</Get>
      <Set>${this:16}.setName(${value})</Set>
    </Property>
  </Properties>
  <Events />
  <Indexers />
  <Constructors>
    <Constructor>
      <Imports>
        <Import>java.io.File</Import>
      </Imports>
      <Java>new File(${fileName})</Java>
      <Params>
        <Param>
          <Type>System.String</Type>
          <Name>fileName</Name>
        </Param>
      </Params>
    </Constructor>
  </Constructors>
  <Fields />
  <Casts />
  <UnaryOps />
  <BinaryOps />
<Signature xmlns="http://www.w3.org/2000/09/xmldsig#"><SignedInfo><CanonicalizationMethod Algorithm="http://www.w3.org/TR/2001/REC-xml-c14n-20010315" /><SignatureMethod Algorithm="http://www.w3.org/2000/09/xmldsig#rsa-sha1" /><Reference URI=""><Transforms><Transform Algorithm="http://www.w3.org/2000/09/xmldsig#enveloped-signature" /></Transforms><DigestMethod Algorithm="http://www.w3.org/2000/09/xmldsig#sha1" /><DigestValue>8CBcOoazDwSkjtE5RVdjt2IlXeI=</DigestValue></Reference></SignedInfo><SignatureValue>AkgW2mQtiG8DxId2b8TVsc1mSA2aLvYznEEDWLKI37Ds1HZ0ZI7x4IEu9usRxiwDujVchjZbAxe32W1Fr4tuuHLcQpnY5Xty66Ktn1v6a4tKIdfwUmoShP6r/V83NTvTtDpPXvsJGVeqacyV62TKzvrLJOhibmLQRJ6I8dqYIb4=</SignatureValue></Signature></Class>
