﻿<?xml version="1.0" encoding="utf-8"?>
<!--

    This file is

    Copyright 2007,2008,2009,2010 Rustici Software, LLC
    Copyright 2010,2011 Kevin Glynn (kevin.glynn@twigletsoftware.com)

-->
<Class xmlns:xsi="http://www.w3.org/2001/XMLSchema-instance" xmlns:xsd="http://www.w3.org/2001/XMLSchema" xmlns="urn:www.twigletsoftware.com:schemas:txtemplate:1:0">
  <Imports />
  <Java>Integer</Java>
  <Name>System.IO.FileAttributes</Name>
  <Uses />
  <Inherits> <Type>System.Object</Type> </Inherits>
  <Methods />
  <Properties>
    <Property>
      <Imports />
      <Java>/* FileAttributes.ReadOnly */ 0</Java>
      <Type>System.Enum</Type>
      <Name>ReadOnly</Name>
      <Get>/* FileAttributes.ReadOnly */ 0</Get>
      <Set>${this:16}.setReadOnly(${value})</Set>
    </Property>
  </Properties>
  <Events />
  <Indexers />
  <Constructors />
  <Fields />
  <Casts />
  <UnaryOps />
  <BinaryOps />
<Signature xmlns="http://www.w3.org/2000/09/xmldsig#"><SignedInfo><CanonicalizationMethod Algorithm="http://www.w3.org/TR/2001/REC-xml-c14n-20010315" /><SignatureMethod Algorithm="http://www.w3.org/2000/09/xmldsig#rsa-sha1" /><Reference URI=""><Transforms><Transform Algorithm="http://www.w3.org/2000/09/xmldsig#enveloped-signature" /></Transforms><DigestMethod Algorithm="http://www.w3.org/2000/09/xmldsig#sha1" /><DigestValue>1y1//jRrmn1IDiw5DPAEY3JLwos=</DigestValue></Reference></SignedInfo><SignatureValue>D1Soj4dqI/8ewFGU+ajHQKV1zGZ4tq/Epk0HGxNRLj7UY8MvOf+x9Sc5HIhhtnxfCLsSJ4vnLOHCgSvHu6lyAqtEcF6PnQn6qwe0nLmWY3PehDU9DcXJ6WqbYMLIBAeVYcJbCKIvByAlnnr8KeukrgtwqYnr5fg2pQOrENKZrr8=</SignatureValue></Signature></Class>
