﻿<?xml version="1.0" encoding="utf-8"?>
<!--

    This file is

    Copyright 2007,2008,2009,2010 Rustici Software, LLC
    Copyright 2010,2011 Kevin Glynn (kevin.glynn@twigletsoftware.com)

-->
<Class xmlns:xsi="http://www.w3.org/2001/XMLSchema-instance" xmlns:xsd="http://www.w3.org/2001/XMLSchema" xmlns="urn:www.twigletsoftware.com:schemas:txtemplate:1:0">
  <Imports>
    <Import>java.io.BufferedReader</Import>
  </Imports>
  <Java>BufferedReader</Java>
  <Name>System.IO.StreamReader</Name>
  <Uses />
  <Inherits>
    <Type>System.IO.TextReader</Type>
  </Inherits>
  <Methods />
  <Properties />
  <Events />
  <Indexers />
  <Constructors>
    <Constructor>
      <Imports>
        <Import>CS2JNet.System.IO.StreamReader</Import>
        <Import>java.io.BufferedReader</Import>
        <Import>java.io.BufferedInputStream</Import>
        <Import>java.io.FileInputStream</Import>
      </Imports>
      <Java>new BufferedReader(StreamReader.make(new BufferedInputStream(new FileInputStream(${path}))))</Java>
      <Params>
        <Param>
          <Type>System.String</Type>
          <Name>path</Name>
        </Param>
      </Params>
    </Constructor>
    <Constructor>
      <Imports>
        <Import>CS2JNet.System.IO.StreamReader</Import>
        <Import>java.io.BufferedReader</Import>
        <Import>java.io.BufferedInputStream</Import>
        <Import>java.io.FileInputStream</Import>
      </Imports>
      <Java>new BufferedReader(StreamReader.make(new BufferedInputStream(new FileInputStream(${path}), ${encoding})))</Java>
      <Params>
        <Param>
          <Type>System.String</Type>
          <Name>path</Name>
        </Param>
        <Param>
          <Type>System.Text.Encoding</Type>
          <Name>encoding</Name>
        </Param>
      </Params>
    </Constructor>
    <Constructor>
      <Imports>
        <Import>CS2JNet.System.IO.StreamReader</Import>
        <Import>java.io.BufferedReader</Import>
        <Import>java.io.BufferedInputStream</Import>
      </Imports>
      <Java>new BufferedReader(StreamReader.make(new BufferedInputStream(${stream}), ${encoding}))</Java>
      <Params>
        <Param>
          <Type>System.IO.Stream</Type>
          <Name>stream</Name>
        </Param>
        <Param>
          <Type>System.Text.Encoding</Type>
          <Name>encoding</Name>
        </Param>
      </Params>
    </Constructor>
    <Constructor>
      <Imports>
        <Import>CS2JNet.System.IO.StreamReader</Import>
        <Import>CS2JNet.System.Text.EncodingSupport</Import>
        <Import>java.io.BufferedReader</Import>
        <Import>java.io.BufferedInputStream</Import>
      </Imports>
      <Java>new BufferedReader(StreamReader.make(new BufferedInputStream(${stream}), new EncodingSupport("UTF-8")))</Java>
      <Params>
        <Param>
          <Type>System.IO.Stream</Type>
          <Name>stream</Name>
        </Param>
      </Params>
    </Constructor>
  </Constructors>
  <Fields />
  <Casts />
  <UnaryOps />
  <BinaryOps />
<Signature xmlns="http://www.w3.org/2000/09/xmldsig#"><SignedInfo><CanonicalizationMethod Algorithm="http://www.w3.org/TR/2001/REC-xml-c14n-20010315" /><SignatureMethod Algorithm="http://www.w3.org/2000/09/xmldsig#rsa-sha1" /><Reference URI=""><Transforms><Transform Algorithm="http://www.w3.org/2000/09/xmldsig#enveloped-signature" /></Transforms><DigestMethod Algorithm="http://www.w3.org/2000/09/xmldsig#sha1" /><DigestValue>dRH/vaByIBY+aiG1yjT0gmAaqSI=</DigestValue></Reference></SignedInfo><SignatureValue>JLqwf19a6+rPQWKTI0DoGuI/bm5Nh8G2wSVstYcZo6atAIzQK34ek3owvj09/1XXnIce2DUduqDXeqUDzzYRTS0rGVnLM4ykyaV4SUAlUuynPPPkgFrmKE75Pz9VCENMxK+n+FNDvMrUeIVk584d2jIsbQWSHQYYwpn31ihIS78=</SignatureValue></Signature></Class>
