﻿<?xml version="1.0" encoding="utf-8"?>
<!--

    This file is

    Copyright 2010,2011 Kevin Glynn (kevin.glynn@twigletsoftware.com)

-->
<Struct xmlns:xsi="http://www.w3.org/2001/XMLSchema-instance" xmlns:xsd="http://www.w3.org/2001/XMLSchema" xmlns="urn:www.twigletsoftware.com:schemas:txtemplate:1:0">
  <Imports>
    <Import>java.util.Map.Entry</Import>
  </Imports>
  <Java>Entry*[${K},${V}]*</Java>
  <Name>System.Collections.Generic.KeyValuePair</Name>
  <TypeParams>
    <Name>K</Name>
    <Name>V</Name>
  </TypeParams>
  <Properties>
    <Property>
      <Imports />
      <Type>K</Type>
      <Name>Key</Name>
      <Get>${this:16}.getKey()</Get>
    </Property>
    <Property>
      <Imports />
      <Type>V</Type>
      <Name>Value</Name>
      <Get>${this:16}.getValue()</Get>
    </Property>
  </Properties>
<Signature xmlns="http://www.w3.org/2000/09/xmldsig#"><SignedInfo><CanonicalizationMethod Algorithm="http://www.w3.org/TR/2001/REC-xml-c14n-20010315" /><SignatureMethod Algorithm="http://www.w3.org/2000/09/xmldsig#rsa-sha1" /><Reference URI=""><Transforms><Transform Algorithm="http://www.w3.org/2000/09/xmldsig#enveloped-signature" /></Transforms><DigestMethod Algorithm="http://www.w3.org/2000/09/xmldsig#sha1" /><DigestValue>+iuvT/0P8kTGm4mUQp1qNOHcnuM=</DigestValue></Reference></SignedInfo><SignatureValue>V3dGjywn9LJWjroZCUMyPMtl/nuKbtonNsi+QEB7aLalgu0Brz6zmiV86bz6d6C9IZGQR+567JbbrIGR1ZJ1gv69CS8O44sD+FOeyrMsFZ1DBQDHB2QctU9dFlF9tDfyOC5uA4FuYGMAWwk98pEhvV3gaGv5RtGqZkxAGlT2v8M=</SignatureValue></Signature></Struct>
