﻿<?xml version="1.0" encoding="utf-8"?>
<!--

    This file is

    Copyright 2010,2011 Kevin Glynn (kevin.glynn@twigletsoftware.com)

-->
<Interface xmlns:xsi="http://www.w3.org/2001/XMLSchema-instance" xmlns:xsd="http://www.w3.org/2001/XMLSchema" xmlns="urn:www.twigletsoftware.com:schemas:txtemplate:1:0">
  <Imports>
    <Import>java.util.LinkedList</Import>
  </Imports>
  <Java>LinkedList*[${E}]*</Java>
  <Name>System.Collections.Generic.Queue</Name>
  <TypeParams>
    <Name>E</Name>
  </TypeParams>
  <Inherits />
  <Constructors>
    <Constructor>
      <Params />
      <Java>new LinkedList*[${E}]*()</Java>
    </Constructor>
  </Constructors>
  <Methods>
    <Method>
      <Params>
        <Param>
          <Type>E</Type>
          <Name>item</Name>
        </Param>
      </Params>
      <Name>Enqueue</Name>
      <Returns>System.Void</Returns>
      <Java>${this:16}.add(${item})</Java>
    </Method>
    <Method>
      <Params>
      </Params>
      <Name>Dequeue</Name>
      <Returns>E</Returns>
      <Java>${this:16}.removeLast(${item})</Java>
    </Method>
  </Methods>
  <Properties>
    <Property>
      <Type>System.Int</Type>
      <Name>Count</Name>
      <Get>${this}.size()</Get>
    </Property>
  </Properties>
<Signature xmlns="http://www.w3.org/2000/09/xmldsig#"><SignedInfo><CanonicalizationMethod Algorithm="http://www.w3.org/TR/2001/REC-xml-c14n-20010315" /><SignatureMethod Algorithm="http://www.w3.org/2000/09/xmldsig#rsa-sha1" /><Reference URI=""><Transforms><Transform Algorithm="http://www.w3.org/2000/09/xmldsig#enveloped-signature" /></Transforms><DigestMethod Algorithm="http://www.w3.org/2000/09/xmldsig#sha1" /><DigestValue>Uvp+vMhERPFYV8x/KYKxjZRz2gE=</DigestValue></Reference></SignedInfo><SignatureValue>PWmTTNJTr/Y3eTi/Pmf/UZJwPA44r9XFMLnj7v5rf9PZuhUZvOt6WQw5p+gmCcmuDQv/Sw0Z/zMTzuMhhgZwfFgXHuTrdVcy5bQASNnfdApB9EJtGryJuhUERcEXxAtm/5gRrIUYWSPlglDlOuNGbsVq+huVI3fjLQFEmlOPktY=</SignatureValue></Signature></Interface>
