﻿<?xml version="1.0" encoding="utf-8"?>
<!--

    This file is

    Copyright 2007,2008,2009,2010 Rustici Software, LLC
    Copyright 2010,2011 Kevin Glynn (kevin.glynn@twigletsoftware.com)

-->
<Class xmlns:xsi="http://www.w3.org/2001/XMLSchema-instance" xmlns:xsd="http://www.w3.org/2001/XMLSchema" xmlns="urn:www.twigletsoftware.com:schemas:txtemplate:1:0">
  <Imports />
  <Java>Thread</Java>
  <Name>System.Threading.Thread</Name>
  <Uses />
  <Inherits> <Type>System.Object</Type> </Inherits>
  <Methods>
    <Method>
      <Imports />
      <Java>Thread.sleep(${sleepTime})</Java>
      <Params>
        <Param>
          <Type>System.Int32</Type>
          <Name>sleepTime</Name>
        </Param>
      </Params>
      <Name>Sleep</Name>
      <Return />
    </Method>
    <Method>
      <Imports />
      <Java>${this:16}.start()</Java>
      <Params />
      <Name>Start</Name>
      <Return />
    </Method>
  </Methods>
  <Properties>
    <Property>
      <Imports />
      <Type>System.Threading.Thread</Type>
      <Name>CurrentThread</Name>
      <Get>${this:16}.currentThread()</Get>
    </Property>
    <Property>
      <Imports />
      <Java>${this:16}.isAlive()</Java>
      <Type>System.Boolean</Type>
      <Name>IsAlive</Name>
      <Get>${this:16}.isAlive()</Get>
      <Set>${this:16}.setIsAlive(${value})</Set>
    </Property>
  </Properties>
  <Events />
  <Indexers />
  <Constructors />
  <Fields />
  <Casts />
  <UnaryOps />
  <BinaryOps />
</Class>
