﻿<?xml version="1.0" encoding="utf-8"?>
<!--

    This file is

    Copyright 2007,2008,2009,2010 Rustici Software, LLC
    Copyright 2010,2011 Kevin Glynn (kevin.glynn@twigletsoftware.com)

-->
<Class xmlns:xsi="http://www.w3.org/2001/XMLSchema-instance" xmlns:xsd="http://www.w3.org/2001/XMLSchema" xmlns="urn:www.twigletsoftware.com:schemas:txtemplate:1:0">
  <Imports>
    <Import>java.util.zip.ZipEntry</Import>
  </Imports>
  <Java>ZipEntry</Java>
  <Name>ICSharpCode.SharpZipLib.Zip.ZipEntry</Name>
  <Uses />
  <Inherits>
    <Type>System.Runtime.InteropServices.ICloneable</Type>
  </Inherits>
  <Methods />
  <Properties>
    <Property>
      <Imports />
      <Java>${this:16}.getName()</Java>
      <Type>System.String</Type>
      <Name>Name</Name>
      <Get>${this:16}.getName()</Get>
      <Set>${this:16}.setName(${value})</Set>
    </Property>
    <Property>
      <Imports />
      <Java>${this:16}.isDirectory()</Java>
      <Type>System.Boolean</Type>
      <Name>IsDirectory</Name>
      <Get>${this:16}.isDirectory()</Get>
      <Set>${this:16}.setIsDirectory(${value})</Set>
    </Property>
  </Properties>
  <Events />
  <Indexers />
  <Constructors />
  <Fields />
  <Casts />
  <UnaryOps />
  <BinaryOps />
<Signature xmlns="http://www.w3.org/2000/09/xmldsig#"><SignedInfo><CanonicalizationMethod Algorithm="http://www.w3.org/TR/2001/REC-xml-c14n-20010315" /><SignatureMethod Algorithm="http://www.w3.org/2000/09/xmldsig#rsa-sha1" /><Reference URI=""><Transforms><Transform Algorithm="http://www.w3.org/2000/09/xmldsig#enveloped-signature" /></Transforms><DigestMethod Algorithm="http://www.w3.org/2000/09/xmldsig#sha1" /><DigestValue>pGPM09fTQoml/g9H+67m0NSehzc=</DigestValue></Reference></SignedInfo><SignatureValue>bXOgNeli5u9NXkMj3xgnkcudKVxosUjwXv4TvQfOd3iOacagMAY4/dRFPkbZM6RT7lBE6Uzo2OCsqhXYDAhqyYqHdHJ12rJOhMeLKo4czbZCwSHi6NUwKjasKKc2Byres56f7HTRdvfi7kxAUr/M4DfClSALI2ziQCbXj3MAR88=</SignatureValue></Signature></Class>
