﻿<?xml version="1.0" encoding="utf-8"?>
<!--

    This file is

    Copyright 2007,2008,2009,2010 Rustici Software, LLC
    Copyright 2010,2011 Kevin Glynn (kevin.glynn@twigletsoftware.com)

-->
<Class xmlns:xsi="http://www.w3.org/2001/XMLSchema-instance" xmlns:xsd="http://www.w3.org/2001/XMLSchema" xmlns="urn:www.twigletsoftware.com:schemas:txtemplate:1:0">
  <Imports>
    <Import>CS2JNet.System.Net.EndPoint</Import>
  </Imports>
  <Java>EndPoint</Java>
  <Name>System.Net.EndPoint</Name>
  <Uses />
  <Inherits>
    <Type>System.Object</Type>
  </Inherits>
  <Methods>
  </Methods>
  <Properties>
    <Property>
      <Type>System.Net.Sockets.AddressFamily</Type>
      <Name>AddressFamily</Name>
      <Get>${this:16}.getAddressFamily()</Get>
    </Property>
  </Properties>
  <Events />
  <Indexers />
  <Constructors>
  	<Constructor>
  	  <Params>
   	  </Params>
  	  <Imports>
  	    <Import>CS2JNet.System.Net.EndPoint</Import>
  	  </Imports>
  	  <Java>new EndPoint()</Java>
  	</Constructor>
  </Constructors>
  <Fields />
  <Casts />
  <UnaryOps />
  <BinaryOps />
</Class>
