﻿<?xml version="1.0" encoding="utf-8"?>
<!--

    This file is

    Copyright 2007,2008,2009,2010 Rustici Software, LLC
    Copyright 2010,2011 Kevin Glynn (kevin.glynn@twigletsoftware.com)

-->
<Class xmlns:xsi="http://www.w3.org/2001/XMLSchema-instance" xmlns:xsd="http://www.w3.org/2001/XMLSchema" xmlns="urn:www.twigletsoftware.com:schemas:txtemplate:1:0">
  <Imports>
    <Import>java.net.HttpURLConnection</Import>
  </Imports>
  <Java>HttpURLConnection</Java>
  <Name>System.Net.HttpWebResponse</Name>
  <Uses />
  <Inherits>
    <Type>System.Net.WebResponse</Type>
  </Inherits>
  <Methods>
    <Method>
      <Imports />
      <Java>${this:16}.getInputStream()</Java>
      <Params />
      <Name>GetResponseStream</Name>
      <Return>System.IO.Stream</Return>
    </Method>
  </Methods>
  <Properties>
    <Property>
      <Imports />
      <Java>${this:16}.getResponseCode()</Java>
      <Type>System.Int32</Type>
      <Name>StatusCode</Name>
      <Get>${this:16}.getResponseCode()</Get>
      <Set>${this:16}.setStatusCode(${value})</Set>
    </Property>
  </Properties>
  <Events />
  <Indexers />
  <Constructors />
  <Fields />
  <Casts />
  <UnaryOps />
  <BinaryOps />
</Class>
