﻿<?xml version="1.0" encoding="utf-8"?>
<!--

    This file is

    Copyright 2007,2008,2009,2010 Rustici Software, LLC
    Copyright 2010,2011 Kevin Glynn (kevin.glynn@twigletsoftware.com)

-->
<Class xmlns:xsi="http://www.w3.org/2001/XMLSchema-instance" xmlns:xsd="http://www.w3.org/2001/XMLSchema" xmlns="urn:www.twigletsoftware.com:schemas:txtemplate:1:0">
  <Imports>
    <Import>java.net.HttpURLConnection</Import>
  </Imports>
  <Java>HttpURLConnection</Java>
  <Name>System.Net.HttpWebRequest</Name>
  <Uses />
  <Inherits>
    <Type>System.Net.WebRequest</Type>
  </Inherits>
  <Methods>
    <Method>
      <Imports />
      <Java>${requestUri}.toURL().openConnection()</Java>
      <Params>
        <Param>
          <Type>System.Uri</Type>
          <Name>requestUri</Name>
        </Param>
      </Params>
      <Name>Create</Name>
      <Return>System.Net.HttpWebRequest</Return>
    </Method>
    <Method>
      <Imports />
      <Java>${this}</Java>
      <Params />
      <Name>GetResponse</Name>
      <Return>System.Net.HttpWebResponse</Return>
    </Method>
  </Methods>
  <Properties />
  <Events />
  <Indexers />
  <Constructors />
  <Fields />
  <Casts />
  <UnaryOps />
  <BinaryOps />
</Class>
