﻿<?xml version="1.0" encoding="utf-8"?>
<!--

    This file is

    Copyright 2007,2008,2009,2010 Rustici Software, LLC
    Copyright 2010,2011 Kevin Glynn (kevin.glynn@twigletsoftware.com)

-->
<Class xmlns:xsi="http://www.w3.org/2001/XMLSchema-instance" xmlns:xsd="http://www.w3.org/2001/XMLSchema" xmlns="urn:www.twigletsoftware.com:schemas:txtemplate:1:0">
  <Imports>
     <Import>CS2JNet.JavaSupport.Collections.Generic.CollectionSupport</Import>
  </Imports>
  <Java>CollectionSupport*[${T}]*</Java>
  <!-- Actually: System.Collections.Generic.Dictionary<TKey, TValue>.KeyCollection -->
  <Name>System.Collections.Generic.KeyCollection</Name>
  <TypeParams>
    <Name>T</Name>
  </TypeParams>
  <Uses />
  <Inherits>
  </Inherits>
  <Iterable>
    <ElementType>T</ElementType>
    <Java>${expr}</Java>
  </Iterable>
  <Methods>
    <Method>
      <Imports>
        <Import>CS2JNet.System.Collections.Generic.KeyCollectionSupport</Import>
      </Imports>
      <Java>${this:16}.CopyTo(${array}, ${index})</Java>
      <Params>
        <Param>
          <Type>T[]</Type>
          <Name>array</Name>
        </Param>
        <Param>
          <Type>System.Int32</Type>
          <Name>index</Name>
        </Param>
      </Params>
      <Name>CopyTo</Name>
      <Return>System.Void</Return>
    </Method>
    <Method>
      <Imports>
        <Import>CS2JNet.JavaSupport.Collections.Generic.EnumeratorSupport</Import>
      </Imports>
      <Java>new EnumeratorSupport*[T]*(${this:16}.iterator())</Java>
      <Params>
      </Params>
      <Name>GetEnumerator</Name>
      <Return>System.Collections.Generic.IEnumerator*[T]*</Return>
    </Method>
  </Methods>
  <Properties>
    <Property>
      <Imports />
      <Java>${this:16}.size()</Java>
      <Type>System.Int32</Type>
      <Name>Count</Name>
      <Get>${this:16}.size()</Get>
    </Property>
  </Properties>
  <Events />
  <Indexers>
  </Indexers>
  <Constructors>
  </Constructors>
  <Fields />
  <Casts />
  <UnaryOps />
  <BinaryOps />
</Class>
