﻿<?xml version="1.0" encoding="utf-8"?>
<!--

    This file is

    Copyright 2007,2008,2009,2010 Rustici Software, LLC
    Copyright 2010,2011 Kevin Glynn (kevin.glynn@twigletsoftware.com)

-->
<Class xmlns:xsi="http://www.w3.org/2001/XMLSchema-instance" xmlns:xsd="http://www.w3.org/2001/XMLSchema" xmlns="urn:www.twigletsoftware.com:schemas:txtemplate:1:0">
  <Imports />
  <Java>BindingFlags</Java>
  <Name>System.Reflection.BindingFlags</Name>
  <Uses />
  <Inherits> <Type>System.Object</Type> </Inherits>
  <Methods />
  <Properties>
    <Property>
      <Imports>
        <Import>CS2JNet.System.Reflection.BindingFlags</Import>
      </Imports>
      <Java>BindingFlags.getInstance()</Java>
      <Type>System.Reflection.BindingFlags</Type>
      <Name>Instance</Name>
      <Get>BindingFlags.getInstance()</Get>
      <Set>${this:16}.setInstance(${value})</Set>
    </Property>
    <Property>
      <Imports>
        <Import>CS2JNet.System.Reflection.BindingFlags</Import>
      </Imports>
      <Java>BindingFlags.getPublic()</Java>
      <Type>System.Reflection.BindingFlags</Type>
      <Name>Public</Name>
      <Get>BindingFlags.getPublic()</Get>
      <Set>${this:16}.setPublic(${value})</Set>
    </Property>
    <Property>
      <Imports>
        <Import>CS2JNet.System.Reflection.BindingFlags</Import>
      </Imports>
      <Java>BindingFlags.getFlattenHierarchy()</Java>
      <Type>System.Reflection.BindingFlags</Type>
      <Name>FlattenHierarchy</Name>
      <Get>BindingFlags.getFlattenHierarchy()</Get>
      <Set>${this:16}.setFlattenHierarchy(${value})</Set>
    </Property>
    <Property>
      <Imports>
        <Import>CS2JNet.System.Reflection.BindingFlags</Import>
      </Imports>
      <Java>BindingFlags.getStatic()</Java>
      <Type>System.Reflection.BindingFlags</Type>
      <Name>Static</Name>
      <Get>BindingFlags.getStatic()</Get>
      <Set>${this:16}.setStatic(${value})</Set>
    </Property>
  </Properties>
  <Events />
  <Indexers />
  <Constructors />
  <Fields />
  <Casts />
  <UnaryOps />
  <BinaryOps />
</Class>
