﻿<?xml version="1.0" encoding="utf-8"?>
<!--

    This file is

    Copyright 2007,2008,2009,2010 Rustici Software, LLC
    Copyright 2010,2011 Kevin Glynn (kevin.glynn@twigletsoftware.com)

-->
<Class xmlns:xsi="http://www.w3.org/2001/XMLSchema-instance" xmlns:xsd="http://www.w3.org/2001/XMLSchema" xmlns="urn:www.twigletsoftware.com:schemas:txtemplate:1:0">
  <Imports>
    <Import>CS2JNet.System.Xml.XmlComment</Import>
  </Imports>
  <Java>XmlComment</Java>
  <Name>System.Xml.XmlComment</Name>
  <Uses />
  <Inherits>
    <Type>System.Xml.XmlNode</Type>
  </Inherits>
  <Methods />
  <Properties />
  <Events />
  <Indexers />
  <Constructors />
  <Fields />
  <Casts />
  <UnaryOps />
  <BinaryOps />
<Signature xmlns="http://www.w3.org/2000/09/xmldsig#"><SignedInfo><CanonicalizationMethod Algorithm="http://www.w3.org/TR/2001/REC-xml-c14n-20010315" /><SignatureMethod Algorithm="http://www.w3.org/2000/09/xmldsig#rsa-sha1" /><Reference URI=""><Transforms><Transform Algorithm="http://www.w3.org/2000/09/xmldsig#enveloped-signature" /></Transforms><DigestMethod Algorithm="http://www.w3.org/2000/09/xmldsig#sha1" /><DigestValue>hZ8BOfOE+/MAm4A8kpvxXRGbzUA=</DigestValue></Reference></SignedInfo><SignatureValue>fHaDJbzZmwBI072OP0y8nx04mtEeiF8stkfiDHxkMx2l6mkzIotODt8p7wTvgx4VBKJrQpzr6PbsGf8DO+vvxQjKPppeBlTrpCrRbzlI0l3FfFZs95mtqZ3qrdYTU3JK2dVSQEbQWduaHMMg8RYrg6d5upRL4Ktk/rwZLFAoiBE=</SignatureValue></Signature></Class>
