﻿<?xml version="1.0" encoding="utf-8"?>
<!--

    This file is

    Copyright 2007,2008,2009,2010 Rustici Software, LLC
    Copyright 2010,2011 Kevin Glynn (kevin.glynn@twigletsoftware.com)

-->
<Class xmlns:xsi="http://www.w3.org/2001/XMLSchema-instance" xmlns:xsd="http://www.w3.org/2001/XMLSchema" xmlns="urn:www.twigletsoftware.com:schemas:txtemplate:1:0">
  <Imports>
    <Import>CS2JNet.System.Xml.XmlWriter</Import>
  </Imports>
  <Java>XmlWriter</Java>
  <Name>System.Xml.XmlWriter</Name>
  <Uses />
  <Inherits>
    <Type>System.IDisposable</Type>
  </Inherits>
  <Methods>
    <Method>
      <Imports />
      <Java>${this:16}.writeStartElement(${localName})</Java>
      <Params>
        <Param>
          <Type>System.String</Type>
          <Name>localName</Name>
        </Param>
      </Params>
      <Name>WriteStartElement</Name>
      <Return>System.Void</Return>
    </Method>
    <Method>
      <Imports />
      <Java>${this:16}.writeAttributeString(${localName}, ${value})</Java>
      <Params>
        <Param>
          <Type>System.String</Type>
          <Name>localName</Name>
        </Param>
        <Param>
          <Type>System.String</Type>
          <Name>value</Name>
        </Param>
      </Params>
      <Name>WriteAttributeString</Name>
      <Return>System.Void</Return>
    </Method>
    <Method>
      <Imports />
      <Java>${this:16}.writeString(${text})</Java>
      <Params>
        <Param>
          <Type>System.String</Type>
          <Name>text</Name>
        </Param>
      </Params>
      <Name>WriteString</Name>
      <Return>System.void</Return>
    </Method>
    <Method>
      <Imports />
      <Java>${this:16}.writeEndElement()</Java>
      <Params />
      <Name>WriteEndElement</Name>
      <Return>System.Void</Return>
    </Method>
  </Methods>
  <Properties />
  <Events />
  <Indexers />
  <Constructors />
  <Fields />
  <Casts />
  <UnaryOps />
<Signature xmlns="http://www.w3.org/2000/09/xmldsig#"><SignedInfo><CanonicalizationMethod Algorithm="http://www.w3.org/TR/2001/REC-xml-c14n-20010315" /><SignatureMethod Algorithm="http://www.w3.org/2000/09/xmldsig#rsa-sha1" /><Reference URI=""><Transforms><Transform Algorithm="http://www.w3.org/2000/09/xmldsig#enveloped-signature" /></Transforms><DigestMethod Algorithm="http://www.w3.org/2000/09/xmldsig#sha1" /><DigestValue>9lb/qIxQbJFzT1guenz5X+5oM/4=</DigestValue></Reference></SignedInfo><SignatureValue>VKKbkAvTDJ3qgBUHrOazS6wp1o+Kvh8nOJZNp32IzoQe32ia0ucy2WElvC5w1IA3etQ0HNlX0etDdU8W08DF5rxy4Z8FxsEhZ2+w1zFc5O5Yc/LGUYqX8vZUi7+STINCTl7Pz++gouXImLIlhqrQNGU+MOxJxMIFQdG/mF3bJoI=</SignatureValue></Signature></Class>
