﻿<?xml version="1.0" encoding="utf-8"?>
<!--

    This file is

    Copyright 2007,2008,2009,2010 Rustici Software, LLC
    Copyright 2010,2011 Kevin Glynn (kevin.glynn@twigletsoftware.com)

-->
<Class xmlns:xsi="http://www.w3.org/2001/XMLSchema-instance" xmlns:xsd="http://www.w3.org/2001/XMLSchema" xmlns="urn:www.twigletsoftware.com:schemas:txtemplate:1:0">
  <Imports />
  <Java>Thread</Java>
  <Name>System.Threading.Thread</Name>
  <Uses />
  <Inherits> <Type>System.Object</Type> </Inherits>
  <Methods>
    <Method>
      <Imports />
      <Java>Thread.sleep(${sleepTime})</Java>
      <Params>
        <Param>
          <Type>System.Int32</Type>
          <Name>sleepTime</Name>
        </Param>
      </Params>
      <Name>Sleep</Name>
      <Return />
    </Method>
    <Method>
      <Imports />
      <Java>${this:16}.start()</Java>
      <Params />
      <Name>Start</Name>
      <Return />
    </Method>
  </Methods>
  <Properties>
    <Property>
      <Imports />
      <Type>System.Threading.Thread</Type>
      <Name>CurrentThread</Name>
      <Get>${this:16}.currentThread()</Get>
    </Property>
    <Property>
      <Imports />
      <Java>${this:16}.isAlive()</Java>
      <Type>System.Boolean</Type>
      <Name>IsAlive</Name>
      <Get>${this:16}.isAlive()</Get>
      <Set>${this:16}.setIsAlive(${value})</Set>
    </Property>
  </Properties>
  <Events />
  <Indexers />
  <Constructors />
  <Fields />
  <Casts />
  <UnaryOps />
  <BinaryOps />
<Signature xmlns="http://www.w3.org/2000/09/xmldsig#"><SignedInfo><CanonicalizationMethod Algorithm="http://www.w3.org/TR/2001/REC-xml-c14n-20010315" /><SignatureMethod Algorithm="http://www.w3.org/2000/09/xmldsig#rsa-sha1" /><Reference URI=""><Transforms><Transform Algorithm="http://www.w3.org/2000/09/xmldsig#enveloped-signature" /></Transforms><DigestMethod Algorithm="http://www.w3.org/2000/09/xmldsig#sha1" /><DigestValue>P/YNNZcln0K0yvm5TAbcsBeVSFE=</DigestValue></Reference></SignedInfo><SignatureValue>KxaGn4ay+CSrmWeqBEnISldRa9bVXDK021WaD4cRaO5pTJZFO0X2rhsk3nKwgO6aiwqw/K+pgmBvyRp/9bDiSc/tGvj2Y6zMPZ5IfCPIO0is4MksCHTdQquIBiu3LPwIVilsRZ+pq2tb/EydeRVLkGgDyotQxF9mvSTZ8MeM65I=</SignatureValue></Signature></Class>
