﻿<?xml version="1.0" encoding="utf-8"?>
<!--

    This file is

    Copyright 2007,2008,2009,2010 Rustici Software, LLC
    Copyright 2010,2011 Kevin Glynn (kevin.glynn@twigletsoftware.com)

-->
<Class xmlns:xsi="http://www.w3.org/2001/XMLSchema-instance" xmlns:xsd="http://www.w3.org/2001/XMLSchema" xmlns="urn:www.twigletsoftware.com:schemas:txtemplate:1:0">
  <Imports>
    <Import>CS2JNet.System.Xml.XmlReader</Import>
  </Imports>
  <Java>XmlReader</Java>
  <Name>System.Xml.XmlReader</Name>
  <Uses />
  <Inherits>
    <Type>System.IDisposable</Type>
  </Inherits>
  <Methods>
    <Method>
      <Imports />
      <Java>${this:16}.readStartElement()</Java>
      <Params />
      <Name>ReadStartElement</Name>
      <Return>System.Void</Return>
    </Method>
    <Method>
      <Imports />
      <Java>${this:16}.moveToContent()</Java>
      <Params />
      <Name>MoveToContent</Name>
      <Return>System.Xml.XmlNodeType</Return>
    </Method>
    <Method>
      <Imports />
      <Java>${this:16}.getAttribute(${name})</Java>
      <Params>
        <Param>
          <Type>System.String</Type>
          <Name>name</Name>
        </Param>
      </Params>
      <Name>GetAttribute</Name>
      <Return>System.String</Return>
    </Method>
    <Method>
      <Imports />
      <Java>${this:16}.readElementString()</Java>
      <Params />
      <Name>ReadElementString</Name>
      <Return>System.String</Return>
    </Method>
    <Method>
      <Imports />
      <Java>${this:16}.skip()</Java>
      <Params />
      <Name>Skip</Name>
      <Return>System.Void</Return>
    </Method>
    <Method>
      <Imports />
      <Java>${this:16}.readEndElement()</Java>
      <Params />
      <Name>ReadEndElement</Name>
      <Return>System.Void</Return>
    </Method>
  </Methods>
  <Properties />
  <Events />
  <Indexers />
  <Constructors />
  <Fields />
  <Casts />
  <UnaryOps />
  <BinaryOps />
</Class>
