﻿<?xml version="1.0" encoding="utf-8"?>
<!--

    This file is

    Copyright 2007,2008,2009,2010 Rustici Software, LLC
    Copyright 2010,2011 Kevin Glynn (kevin.glynn@twigletsoftware.com)

-->
<Class xmlns:xsi="http://www.w3.org/2001/XMLSchema-instance" xmlns:xsd="http://www.w3.org/2001/XMLSchema" xmlns="urn:www.twigletsoftware.com:schemas:txtemplate:1:0">
  <Imports />
  <Java>XmlSchemaObject</Java>
  <Name>System.Xml.Schema.XmlSchemaObject</Name>
  <Uses />
  <Inherits> <Type>System.Object</Type> </Inherits>
  <Methods />
  <Properties />
  <Events />
  <Indexers />
  <Constructors />
  <Fields />
  <Casts />
  <UnaryOps />
  <BinaryOps />
<Signature xmlns="http://www.w3.org/2000/09/xmldsig#"><SignedInfo><CanonicalizationMethod Algorithm="http://www.w3.org/TR/2001/REC-xml-c14n-20010315" /><SignatureMethod Algorithm="http://www.w3.org/2000/09/xmldsig#rsa-sha1" /><Reference URI=""><Transforms><Transform Algorithm="http://www.w3.org/2000/09/xmldsig#enveloped-signature" /></Transforms><DigestMethod Algorithm="http://www.w3.org/2000/09/xmldsig#sha1" /><DigestValue>U4BQVpbNmM7XDkvzg7HSmvevrRU=</DigestValue></Reference></SignedInfo><SignatureValue>SwLC9PD1fMFGtVlU9rZ3/Nvil+YiJhqXRsOA4qufpqZMjYTNPbvEQhEmIbyIb52bwzE3fF98FbR083otNI26CzLfHliSixovyIrGhQ8v3TJk9ZPHqsooKClBPnFEZj29/Tv5Sml6tpE8queh367hE3sKS3mQGy3UtZQrMTzcD2k=</SignatureValue></Signature></Class>
