﻿<?xml version="1.0" encoding="utf-8"?>
<!--

    This file is

    Copyright 2007,2008,2009,2010 Rustici Software, LLC
    Copyright 2010,2011 Kevin Glynn (kevin.glynn@twigletsoftware.com)

-->
<Class xmlns:xsi="http://www.w3.org/2001/XMLSchema-instance" xmlns:xsd="http://www.w3.org/2001/XMLSchema" xmlns="urn:www.twigletsoftware.com:schemas:txtemplate:1:0">
  <Imports>
    <Import>java.util.Properties</Import>
  </Imports>
  <Java>Properties</Java>
  <Name>System.Collections.Specialized.NameValueCollection</Name>
  <Uses />
  <Inherits>
    <Type>System.IList</Type>
  </Inherits>
  <Methods>
    <Method>
      <Imports />
      <Java>${this:16}.getProperty(${key})</Java>
      <Params>
        <Param>
          <Type>System.String</Type>
          <Name>key</Name>
        </Param>
      </Params>
      <Name>Get</Name>
      <Return>System.String</Return>
    </Method>
  </Methods>
  <Properties />
  <Events />
  <Indexers />
  <Constructors />
  <Fields />
  <Casts />
  <UnaryOps />
  <BinaryOps />
</Class>
