﻿<?xml version="1.0" encoding="utf-8"?>
<!--

    This file is

    Copyright 2007,2008,2009,2010 Rustici Software, LLC
    Copyright 2010,2011 Kevin Glynn (kevin.glynn@twigletsoftware.com)

-->
<Class xmlns:xsi="http://www.w3.org/2001/XMLSchema-instance" xmlns:xsd="http://www.w3.org/2001/XMLSchema" xmlns="urn:www.twigletsoftware.com:schemas:txtemplate:1:0">
  <Imports>
    <Import>CS2JNet.System.Xml.XmlTextReader</Import>
  </Imports>
  <Java>XmlTextReader</Java>
  <Name>System.Xml.XmlTextReader</Name>
  <Uses />
  <Inherits>
    <Type>System.IDisposable</Type>
  </Inherits>
  <Methods />
  <Properties />
  <Events />
  <Indexers />
  <Constructors>
    <Constructor>
      <Imports />
      <Java>new XmlTextReader(${stringReader})</Java>
      <Params>
        <Param>
          <Type>System.IO.StringReader</Type>
          <Name>stringReader</Name>
        </Param>
      </Params>
    </Constructor>
  </Constructors>
  <Fields />
  <Casts />
  <UnaryOps />
  <BinaryOps />
<Signature xmlns="http://www.w3.org/2000/09/xmldsig#"><SignedInfo><CanonicalizationMethod Algorithm="http://www.w3.org/TR/2001/REC-xml-c14n-20010315" /><SignatureMethod Algorithm="http://www.w3.org/2000/09/xmldsig#rsa-sha1" /><Reference URI=""><Transforms><Transform Algorithm="http://www.w3.org/2000/09/xmldsig#enveloped-signature" /></Transforms><DigestMethod Algorithm="http://www.w3.org/2000/09/xmldsig#sha1" /><DigestValue>83DWtOtGs/L7NnWMLLgTxWmXh7Q=</DigestValue></Reference></SignedInfo><SignatureValue>LWWLtg6l72sk+r51R9i4ssOKi5de/3CcNAVMCmW12E98Is8tahNF+ght+Dx1jIkOiVhMHO4HLUffahpLIXZZX+DqRzGzs0G+gMEckoZRU/yQiuEgwE2vesTVbU2Teapka1PyODkmCPU/XxWu/RkpDR4dkkDCErWhAjPEhIFi920=</SignatureValue></Signature></Class>
