﻿<?xml version="1.0" encoding="utf-8"?>
<!--

    This file is

    Copyright 2007,2008,2009,2010 Rustici Software, LLC
    Copyright 2010,2011 Kevin Glynn (kevin.glynn@twigletsoftware.com)

-->
<Interface variant="LCC" xmlns:xsi="http://www.w3.org/2001/XMLSchema-instance" xmlns:xsd="http://www.w3.org/2001/XMLSchema" xmlns="urn:www.twigletsoftware.com:schemas:txtemplate:1:0">
  <Imports>
    <Import>CS2JNet.System.Xml.Serialization.LCC.IXmlSerializable</Import>
  </Imports>
  <Java>IXmlSerializable</Java>
  <Name>System.Xml.Serialization.IXmlSerializable</Name>
  <Uses />
  <Inherits> <Type>System.Object</Type> </Inherits>
  <Methods />
  <Properties>
    <Property>
      <Imports />
      <Java>${this:16}.getValue()</Java>
      <Type>System.String</Type>
      <Name>Value</Name>
      <Get>${this:16}.getValue()</Get>
      <Set>${this:16}.setValue(${value})</Set>
    </Property>
  </Properties>
  <Events />
  <Indexers />
<Signature xmlns="http://www.w3.org/2000/09/xmldsig#"><SignedInfo><CanonicalizationMethod Algorithm="http://www.w3.org/TR/2001/REC-xml-c14n-20010315" /><SignatureMethod Algorithm="http://www.w3.org/2000/09/xmldsig#rsa-sha1" /><Reference URI=""><Transforms><Transform Algorithm="http://www.w3.org/2000/09/xmldsig#enveloped-signature" /></Transforms><DigestMethod Algorithm="http://www.w3.org/2000/09/xmldsig#sha1" /><DigestValue>2lTQOcxhySdaHVB7GRBL/7+47Lk=</DigestValue></Reference></SignedInfo><SignatureValue>Vo1KrWIyvK6EK08qWrT2zruaVPb4Eo1DYP3gdNeo7X6TyxEHmXMm69T9ioOnLbCkUgXzRWQtxiiPmPDyZajn6PyoomreIHCdGMYHTrQCsK5mRHONrpxGcnqw5jsio6wODIkFNHG6OpRA/W2t26NLSX65Dvdhj/iAaxSo8C4PjS0=</SignatureValue></Signature></Interface>
