﻿<?xml version="1.0" encoding="utf-8"?>
<!--

    This file is

    Copyright 2007,2008,2009,2010 Rustici Software, LLC
    Copyright 2010,2011 Kevin Glynn (kevin.glynn@twigletsoftware.com)

-->
<Class xmlns:xsi="http://www.w3.org/2001/XMLSchema-instance" xmlns:xsd="http://www.w3.org/2001/XMLSchema" xmlns="urn:www.twigletsoftware.com:schemas:txtemplate:1:0">
  <Imports />
  <Java>NONE</Java>
  <Name>System.Configuration.ConfigurationSettings</Name>
  <Uses />
  <Inherits> <Type>System.Object</Type> </Inherits>
  <Methods />
  <Properties>
    <Property>
      <Imports>
        <Import>CS2JNet.System.Configuration.ConfigurationSettings</Import>
      </Imports>
      <Java>ConfigurationSettings.getAppSettings()</Java>
      <Type>System.Collections.Specialized.NameValueCollection</Type>
      <Name>AppSettings</Name>
      <Get>ConfigurationSettings.getAppSettings()</Get>
      <Set>${this:16}.setAppSettings(${value})</Set>
    </Property>
  </Properties>
  <Events />
  <Indexers />
  <Constructors />
  <Fields />
  <Casts />
  <UnaryOps />
  <BinaryOps />
<Signature xmlns="http://www.w3.org/2000/09/xmldsig#"><SignedInfo><CanonicalizationMethod Algorithm="http://www.w3.org/TR/2001/REC-xml-c14n-20010315" /><SignatureMethod Algorithm="http://www.w3.org/2000/09/xmldsig#rsa-sha1" /><Reference URI=""><Transforms><Transform Algorithm="http://www.w3.org/2000/09/xmldsig#enveloped-signature" /></Transforms><DigestMethod Algorithm="http://www.w3.org/2000/09/xmldsig#sha1" /><DigestValue>zRdrCE7++fwidkg6cMbjEIYPsoA=</DigestValue></Reference></SignedInfo><SignatureValue>AYWHRbEjQls/eMGYmy1ZuIptui8f/43q/ELndb7y25p/IXUvWrVqqGMkubBQIn4wvu1UUPZ4m4GWoFK9N9refHbLrz2v96z6OQqKHNoTHICgPxoejwbmHTyJpQBxea3+IWp9LyVLEfvRsGB1UQ3hkp4hn5aQsLsluEnPQvlBChU=</SignatureValue></Signature></Class>
