﻿<?xml version="1.0" encoding="utf-8"?>
<!--

    This file is

    Copyright 2007,2008,2009,2010 Rustici Software, LLC
    Copyright 2010,2011 Kevin Glynn (kevin.glynn@twigletsoftware.com)

-->
<Interface xmlns:xsi="http://www.w3.org/2001/XMLSchema-instance" xmlns:xsd="http://www.w3.org/2001/XMLSchema" xmlns="urn:www.twigletsoftware.com:schemas:txtemplate:1:0">
  <Imports>
    <Import>CS2JNet.System.Collections.IEnumerable</Import>
  </Imports>
  <Java>IEnumerable</Java>
  <Name>System.Collections.IEnumerable</Name>
  <Uses />
  <Inherits> <Type>System.Object</Type> </Inherits>
  <Methods>
  </Methods>
  <Iterable>
    <ElementType>System.Object</ElementType>
    <Java>${expr}</Java>
  </Iterable>
  <Properties />
  <Events />
  <Indexers />
<Signature xmlns="http://www.w3.org/2000/09/xmldsig#"><SignedInfo><CanonicalizationMethod Algorithm="http://www.w3.org/TR/2001/REC-xml-c14n-20010315" /><SignatureMethod Algorithm="http://www.w3.org/2000/09/xmldsig#rsa-sha1" /><Reference URI=""><Transforms><Transform Algorithm="http://www.w3.org/2000/09/xmldsig#enveloped-signature" /></Transforms><DigestMethod Algorithm="http://www.w3.org/2000/09/xmldsig#sha1" /><DigestValue>EVrC2Oe2W/fdubgev6cMDmp0SX0=</DigestValue></Reference></SignedInfo><SignatureValue>DpFD8SoIhYLn6xd9Nad41RC3JvBLdnABVPifLxkvGntd/DHo+y1M5bYxjObaN/Iu4odTmBzkdMl5tky0wppylqvaE0GJCeqBaaqHQ0zCvLuLD7gVNqba+g6ivjNJUaDZm2VjpUsgVJJOvz/+FQNw95sWbyypn0mwkgPubL6ALFA=</SignatureValue></Signature></Interface>
