﻿<?xml version="1.0" encoding="utf-8"?>
<!--

    This file is

    Copyright 2010,2011 Kevin Glynn (kevin.glynn@twigletsoftware.com)

-->
<Interface xmlns:xsi="http://www.w3.org/2001/XMLSchema-instance" xmlns:xsd="http://www.w3.org/2001/XMLSchema" xmlns="urn:www.twigletsoftware.com:schemas:txtemplate:1:0">
  <Imports>
    <Import>CS2JNet.System.Collections.LCC.IEnumerator</Import>
  </Imports>
  <Java>IEnumerator</Java>
  <Name>System.Collections.IEnumerator</Name>
  <Methods>
    <Method>
      <Java>${this:16}.moveNext()</Java>
      <Params />
      <Name>MoveNext</Name>
      <Return>System.Boolean</Return>
    </Method>
  </Methods>
  <Properties>
    <Property>
      <Type>System.Object</Type>
      <Name>Current</Name>
      <Get>${this:16}.getCurrent()</Get>
    </Property>
  </Properties>
<Signature xmlns="http://www.w3.org/2000/09/xmldsig#"><SignedInfo><CanonicalizationMethod Algorithm="http://www.w3.org/TR/2001/REC-xml-c14n-20010315" /><SignatureMethod Algorithm="http://www.w3.org/2000/09/xmldsig#rsa-sha1" /><Reference URI=""><Transforms><Transform Algorithm="http://www.w3.org/2000/09/xmldsig#enveloped-signature" /></Transforms><DigestMethod Algorithm="http://www.w3.org/2000/09/xmldsig#sha1" /><DigestValue>CyJ1UO5ISv/VLwFVzzqAfmS/zGg=</DigestValue></Reference></SignedInfo><SignatureValue>CDSBF1fxWCp8ANcQT6NI0N7mxBkkZdGf/MISxU2XXa2IeUTz8Y6+dcWwZcYwwMSarrCo2izs5NpwRC9nWUC5P6pZXdHHwEc1TPxMKOCqucTuKiTVDIIrh1GejW24H9SWZz/6ftDG99no3oxRxjJjPusvXtKCuUfNjV7jpY4c6iA=</SignatureValue></Signature></Interface>
