﻿<?xml version="1.0" encoding="utf-8"?>
<!--

    This file is

    Copyright 2007,2008,2009,2010 Rustici Software, LLC
    Copyright 2010,2011 Kevin Glynn (kevin.glynn@twigletsoftware.com)

-->
<Class xmlns:xsi="http://www.w3.org/2001/XMLSchema-instance" xmlns:xsd="http://www.w3.org/2001/XMLSchema" xmlns="urn:www.twigletsoftware.com:schemas:txtemplate:1:0">
  <Imports />
  <Java>NONE</Java>
  <Name>System.Configuration.ConfigurationManager</Name>
  <Uses />
  <Inherits> <Type>System.Object</Type> </Inherits>
  <Methods />
  <Properties>
    <Property>
      <Imports>
        <Import>CS2JNet.System.Configuration.ConfigurationManager</Import>
      </Imports>
      <Java>ConfigurationManager.getAppSettings()</Java>
      <Type>System.Collections.Specialized.NameValueCollection</Type>
      <Name>AppSettings</Name>
      <Get>ConfigurationManager.getAppSettings()</Get>
      <Set>${this:16}.setAppSettings(${value})</Set>
    </Property>
  </Properties>
  <Events />
  <Indexers />
  <Constructors />
  <Fields />
  <Casts />
  <UnaryOps />
  <BinaryOps />
<Signature xmlns="http://www.w3.org/2000/09/xmldsig#"><SignedInfo><CanonicalizationMethod Algorithm="http://www.w3.org/TR/2001/REC-xml-c14n-20010315" /><SignatureMethod Algorithm="http://www.w3.org/2000/09/xmldsig#rsa-sha1" /><Reference URI=""><Transforms><Transform Algorithm="http://www.w3.org/2000/09/xmldsig#enveloped-signature" /></Transforms><DigestMethod Algorithm="http://www.w3.org/2000/09/xmldsig#sha1" /><DigestValue>kP5gPp11Yyi1fTz0I9QwDiAUwiU=</DigestValue></Reference></SignedInfo><SignatureValue>PAUMX9tgmmmnEgxeDxrvqMgg0s5ahxzveQyYU2852h/+et01u8jqckjK5jH6DN2Bxi57r8otX8il8qJI8rwlW6hnxzZM0fzKvKBTe0HkXYbux4nXMgSpLLLu6zqmVEqVNLhTKrp2itVO1au67ZKo72WaxSPEIy5Lx6vLfUHNpYw=</SignatureValue></Signature></Class>
