﻿<?xml version="1.0" encoding="utf-8"?>
<!--

    This file is

    Copyright 2007,2008,2009,2010 Rustici Software, LLC
    Copyright 2010,2011 Kevin Glynn (kevin.glynn@twigletsoftware.com)

-->
<Class xmlns:xsi="http://www.w3.org/2001/XMLSchema-instance" xmlns:xsd="http://www.w3.org/2001/XMLSchema" xmlns="urn:www.twigletsoftware.com:schemas:txtemplate:1:0">
  <Imports>
    <Import>CS2JNet.System.Net.CookieContainer</Import>
  </Imports>
  <Java>CookieContainer</Java>
  <Name>System.Net.CookieContainer</Name>
  <Uses />
  <Inherits>
    <Type>System.Object</Type>
  </Inherits>
  <Methods />
  <Properties />
  <Events />
  <Indexers />
  <Constructors />
  <Fields />
  <Casts />
  <UnaryOps />
  <BinaryOps />
<Signature xmlns="http://www.w3.org/2000/09/xmldsig#"><SignedInfo><CanonicalizationMethod Algorithm="http://www.w3.org/TR/2001/REC-xml-c14n-20010315" /><SignatureMethod Algorithm="http://www.w3.org/2000/09/xmldsig#rsa-sha1" /><Reference URI=""><Transforms><Transform Algorithm="http://www.w3.org/2000/09/xmldsig#enveloped-signature" /></Transforms><DigestMethod Algorithm="http://www.w3.org/2000/09/xmldsig#sha1" /><DigestValue>67vM8137wIzkZ9qyRoUYNCmuhz8=</DigestValue></Reference></SignedInfo><SignatureValue>OALZWAgYLZKoeokie6Q/O6sjBymu6Q3jPAmannBYF7sT+H04fcuqcvVMzEGq3gRJqIjqjCP9AmjWdIQRc+XPFqREQTCyunNfNUdDKusrMV1fXQFX29ctzarBB2Tqv2rtKud+e1SUATt9AIVGcVU7bM5PxQx+NC3LBxq+wP8v/pY=</SignatureValue></Signature></Class>
