﻿<?xml version="1.0" encoding="utf-8"?>
<!--

    This file is

    Copyright 2007,2008,2009,2010 Rustici Software, LLC
    Copyright 2010,2011 Kevin Glynn (kevin.glynn@twigletsoftware.com)

-->
<Enum xmlns:xsi="http://www.w3.org/2001/XMLSchema-instance" xmlns:xsd="http://www.w3.org/2001/XMLSchema" xmlns="urn:www.twigletsoftware.com:schemas:txtemplate:1:0">
  <Imports>
    <Import>CS2JNet.System.Net.Sockets.SocketFlags</Import>
  </Imports>
  <Java>SocketFlags</Java>
  <Name>System.Net.Sockets.SocketFlags</Name>
  <Inherits>
    <Type>System.Enum</Type>
  </Inherits>
  <Members>
    <Member>
      <Java>${this:16}.None</Java>
      <Name>None</Name>
    </Member>
    <Member>
      <Java>${this:16}.OutOfBand</Java>
      <Name>OutOfBand</Name>
    </Member>
    <Member>
      <Java>${this:16}.Peek</Java>
      <Name>Peek</Name>
    </Member>
    <Member>
      <Java>${this:16}.DontRoute</Java>
      <Name>DontRoute</Name>
    </Member>
    <Member>
      <Java>${this:16}.MaxIOVectorLength</Java>
      <Name>MaxIOVectorLength</Name>
    </Member>
    <Member>
      <Java>${this:16}.Truncated</Java>
      <Name>Truncated</Name>
    </Member>
    <Member>
      <Java>${this:16}.ControlDataTruncated</Java>
      <Name>ControlDataTruncated</Name>
    </Member>
    <Member>
      <Java>${this:16}.Broadcast</Java>
      <Name>Broadcast</Name>
    </Member>
    <Member>
      <Java>${this:16}.Multicast</Java>
      <Name>Multicast</Name>
    </Member>
    <Member>
      <Java>${this:16}.Partial</Java>
      <Name>Partial</Name>
    </Member>
  </Members>
</Enum>
