﻿<?xml version="1.0" encoding="utf-8"?>
<!--

    This file is

    Copyright 2007,2008,2009,2010 Rustici Software, LLC
    Copyright 2010,2011 Kevin Glynn (kevin.glynn@twigletsoftware.com)

-->
<Enum xmlns:xsi="http://www.w3.org/2001/XMLSchema-instance" xmlns:xsd="http://www.w3.org/2001/XMLSchema" xmlns="urn:www.twigletsoftware.com:schemas:txtemplate:1:0">
  <Imports>
    <Import>CS2JNet.System.IO.FileAccess</Import>
  </Imports>
  <Java>FileAccess</Java>
  <Name>System.IO.FileAccess</Name>
  <Inherits>
    <Type>System.Enum</Type>
  </Inherits>
  <Members>
    <Member>
      <Java>${this:16}.Read</Java>
      <Name>Read</Name>
    </Member>
    <Member>
      <Java>${this:16}.Write</Java>
      <Name>Write</Name>
    </Member>
    <Member>
      <Java>${this:16}.ReadWrite</Java>
      <Name>ReadWrite</Name>
    </Member>
  </Members>
<Signature xmlns="http://www.w3.org/2000/09/xmldsig#"><SignedInfo><CanonicalizationMethod Algorithm="http://www.w3.org/TR/2001/REC-xml-c14n-20010315" /><SignatureMethod Algorithm="http://www.w3.org/2000/09/xmldsig#rsa-sha1" /><Reference URI=""><Transforms><Transform Algorithm="http://www.w3.org/2000/09/xmldsig#enveloped-signature" /></Transforms><DigestMethod Algorithm="http://www.w3.org/2000/09/xmldsig#sha1" /><DigestValue>efTWa4oLEWHXEL6YOzaqcIomFVo=</DigestValue></Reference></SignedInfo><SignatureValue>gg/i649hSZt7bAPM9ZB0QueDX8++7p7/Yzteb7h4p2YkRI22vMM2Lc+jI4lgxIB/Hf5Jd3XI0rGDRcDip2t4bV0ErQbPGTajuJncLj7RJ/BDpCA3nUBWZDYRmypxK/u3r1kf5aCAWQDZm0Bj6XlVK6+++Y+OG2PAkIpbngWlQQc=</SignatureValue></Signature></Enum>
