﻿<?xml version="1.0" encoding="utf-8"?>
<!--

    This file is

    Copyright 2007,2008,2009,2010 Rustici Software, LLC
    Copyright 2010,2011 Kevin Glynn (kevin.glynn@twigletsoftware.com)

-->
<Class xmlns:xsi="http://www.w3.org/2001/XMLSchema-instance" xmlns:xsd="http://www.w3.org/2001/XMLSchema" xmlns="urn:www.twigletsoftware.com:schemas:txtemplate:1:0">
  <Imports>
    <Import>CS2JNet.System.IO.FileNotFoundException</Import>
  </Imports>
  <Java>FileNotFoundException</Java>
  <Name>System.IO.FileNotFoundException</Name>
  <Uses />
  <Inherits>
    <Type>System.IO.IOException</Type>
  </Inherits>
  <Methods />
  <Properties />
  <Events />
  <Indexers />
  <Constructors>
    <Constructor>
      <Imports>
        <Import>CS2JNet.System.IO.FileNotFoundException</Import>
      </Imports>
      <Java>new FileNotFoundException(${message})</Java>
      <Params>
        <Param>
          <Type>System.String</Type>
          <Name>message</Name>
        </Param>
      </Params>
    </Constructor>
    <Constructor>
      <Imports>
        <Import>CS2JNet.System.IO.FileNotFoundException</Import>
      </Imports>
      <Java>new FileNotFoundException(${message}, ${fileName})</Java>
      <Params>
        <Param>
          <Type>System.String</Type>
          <Name>message</Name>
        </Param>
        <Param>
          <Type>System.String</Type>
          <Name>fileName</Name>
        </Param>
      </Params>
    </Constructor>
  </Constructors>
  <Fields />
  <Casts />
  <UnaryOps />
  <BinaryOps />
<Signature xmlns="http://www.w3.org/2000/09/xmldsig#"><SignedInfo><CanonicalizationMethod Algorithm="http://www.w3.org/TR/2001/REC-xml-c14n-20010315" /><SignatureMethod Algorithm="http://www.w3.org/2000/09/xmldsig#rsa-sha1" /><Reference URI=""><Transforms><Transform Algorithm="http://www.w3.org/2000/09/xmldsig#enveloped-signature" /></Transforms><DigestMethod Algorithm="http://www.w3.org/2000/09/xmldsig#sha1" /><DigestValue>Ffp0ZAAL6/cvcEd3wzAGKfvph6E=</DigestValue></Reference></SignedInfo><SignatureValue>h00T7/kqU7OxN/phB3We3PtyjMkPPm7Kex8evt2CMV2PY61buT3cgoVGmz1VVKeqBr5iAblKeqtEnAsxId21UNEQQG8dZ9XLXd5R1IJcID5gZw4aXBX4ymZcCXqTdgfkAY3f6+Y+0Dcoo1lw9dl3AJ2AorQ3OEDAWx3JnJwo+qA=</SignatureValue></Signature></Class>
