﻿<?xml version="1.0" encoding="utf-8"?>
<!--

    This file is

    Copyright 2007,2008,2009,2010 Rustici Software, LLC
    Copyright 2010,2011 Kevin Glynn (kevin.glynn@twigletsoftware.com)

-->
<Class xmlns:xsi="http://www.w3.org/2001/XMLSchema-instance" xmlns:xsd="http://www.w3.org/2001/XMLSchema" xmlns="urn:www.twigletsoftware.com:schemas:txtemplate:1:0">
  <Imports>
    <Import>java.io.IOException</Import>
  </Imports>
  <Java>IOException</Java>
  <Name>System.IO.IOException</Name>
  <Uses />
  <Inherits>
    <Type>System.SystemException</Type>
  </Inherits>
  <Methods />
  <Properties />
  <Events />
  <Indexers />
  <Constructors>
    <Constructor>
      <Imports>
        <Import>java.io.IOException</Import>
      </Imports>
      <Java>new IOException()</Java>
      <Params />
    </Constructor>
    <Constructor>
      <Imports>
        <Import>java.io.IOException</Import>
      </Imports>
      <Java>new IOException(${message})</Java>
      <Params>
        <Param>
          <Type>System.String</Type>
          <Name>message</Name>
        </Param>
      </Params>
    </Constructor>
    <Constructor>
      <Imports>
        <Import>java.io.IOException</Import>
      </Imports>
      <Java>new IOException(${info},${ctxt})</Java>
      <Params>
        <Param>
          <Type>System.SerializationInfo</Type>
          <Name>info</Name>
        </Param>
        <Param>
          <Type>System.StreamingContext</Type>
          <Name>ctxt</Name>
        </Param>
      </Params>
    </Constructor>
    <Constructor>
      <Imports>
        <Import>java.io.IOException</Import>
      </Imports>
      <Java>new IOException(${message}, ${inner})</Java>
      <Params>
        <Param>
          <Type>System.String</Type>
          <Name>message</Name>
        </Param>
        <Param>
          <Type>System.Exception</Type>
          <Name>inner</Name>
        </Param>
      </Params>
    </Constructor>
  </Constructors>
  <Fields />
  <Casts />
  <UnaryOps />
  <BinaryOps />
<Signature xmlns="http://www.w3.org/2000/09/xmldsig#"><SignedInfo><CanonicalizationMethod Algorithm="http://www.w3.org/TR/2001/REC-xml-c14n-20010315" /><SignatureMethod Algorithm="http://www.w3.org/2000/09/xmldsig#rsa-sha1" /><Reference URI=""><Transforms><Transform Algorithm="http://www.w3.org/2000/09/xmldsig#enveloped-signature" /></Transforms><DigestMethod Algorithm="http://www.w3.org/2000/09/xmldsig#sha1" /><DigestValue>wXlPjG4waZBd1LpuyP7cZArTe80=</DigestValue></Reference></SignedInfo><SignatureValue>a+YtmtaL9Umv/QMcrZNd1f3uuRfwUawmDV3JY4gy5HVWX2e/AdBEyRr7Pgv1yZCkTI90mqSPGmTGDlQtKPDIFBKrUvLsEzRGieFUYghJB1dsye8erhEo7gdiXKHvv4G3V6tKXdmPK7w8/1BIoYGYG8pc9Bsr9BzJ00YL9pVogao=</SignatureValue></Signature></Class>
