﻿<?xml version="1.0" encoding="utf-8"?>
<!--

    This file is

    Copyright 2007,2008,2009,2010 Rustici Software, LLC
    Copyright 2010,2011 Kevin Glynn (kevin.glynn@twigletsoftware.com)

-->
<Class xmlns:xsi="http://www.w3.org/2001/XMLSchema-instance" xmlns:xsd="http://www.w3.org/2001/XMLSchema" xmlns="urn:www.twigletsoftware.com:schemas:txtemplate:1:0">
  <Imports>
    <Import>CS2JNet.System.Xml.XmlAttributeCollection</Import>
  </Imports>
  <Java>XmlAttributeCollection</Java>
  <Name>System.Xml.XmlAttributeCollection</Name>
  <Uses />
  <Inherits> <Type>System.Object</Type> </Inherits>
  <Methods>
    <Method>
      <Imports />
      <Java>${this:16}.add(${att})</Java>
      <Params>
        <Param>
          <Type>System.Xml.XmlAttribute</Type>
          <Name>att</Name>
        </Param>
      </Params>
      <Name>Append</Name>
      <Return>System.Xml.XmlAttribute</Return>
    </Method>
  </Methods>
  <Properties>
    <Property>
      <Imports />
      <Java>${this:16}.size()</Java>
      <Type>System.Int32</Type>
      <Name>Count</Name>
      <Get>${this:16}.size()</Get>
      <Set>${this:16}.setCount(${value})</Set>
    </Property>
  </Properties>
  <Events />
  <Indexers>
    <Indexer>
      <Imports />
      <Params>
        <Param>
          <Type>System.String</Type>
          <Name>idx</Name>
        </Param>
      </Params>
      <Type>System.Xml.XmlAttribute</Type>
      <Get>${this:16}.get(${idx})</Get>
    </Indexer>
  </Indexers>
  <Constructors />
  <Fields />
  <Casts />
  <UnaryOps />
  <BinaryOps />
<Signature xmlns="http://www.w3.org/2000/09/xmldsig#"><SignedInfo><CanonicalizationMethod Algorithm="http://www.w3.org/TR/2001/REC-xml-c14n-20010315" /><SignatureMethod Algorithm="http://www.w3.org/2000/09/xmldsig#rsa-sha1" /><Reference URI=""><Transforms><Transform Algorithm="http://www.w3.org/2000/09/xmldsig#enveloped-signature" /></Transforms><DigestMethod Algorithm="http://www.w3.org/2000/09/xmldsig#sha1" /><DigestValue>vqMiP0o64OMfPxnzgUcz6ZgEQNs=</DigestValue></Reference></SignedInfo><SignatureValue>ZqWRCCKjYJ6ORVHyOxCvVatk9hTWcEOyO4gbiACcvKc9jsWK7OuOuQ327zUL8Lu/6aOS6NHRWQ3fa3qRi/DYEVktpaRPBMDJGk9uN6VWh5aqOKZv7Is6J2W9/c5+TmBm32kfvmQgkjEJ7T0SSjAJORaJ/uKt4LuPjuUBd4Om8r0=</SignatureValue></Signature></Class>
