﻿<?xml version="1.0" encoding="utf-8"?>
<!--

    This file is

    Copyright 2007,2008,2009,2010 Rustici Software, LLC
    Copyright 2010,2011 Kevin Glynn (kevin.glynn@twigletsoftware.com)

-->
<Class xmlns:xsi="http://www.w3.org/2001/XMLSchema-instance" xmlns:xsd="http://www.w3.org/2001/XMLSchema" xmlns="urn:www.twigletsoftware.com:schemas:txtemplate:1:0">
  <Imports>
    <Import>CS2JNet.System.Xml.XmlReader</Import>
  </Imports>
  <Java>XmlReader</Java>
  <Name>System.Xml.XmlReader</Name>
  <Uses />
  <Inherits>
    <Type>System.IDisposable</Type>
  </Inherits>
  <Methods>
    <Method>
      <Imports />
      <Java>${this:16}.readStartElement()</Java>
      <Params />
      <Name>ReadStartElement</Name>
      <Return>System.Void</Return>
    </Method>
    <Method>
      <Imports />
      <Java>${this:16}.moveToContent()</Java>
      <Params />
      <Name>MoveToContent</Name>
      <Return>System.Xml.XmlNodeType</Return>
    </Method>
    <Method>
      <Imports />
      <Java>${this:16}.getAttribute(${name})</Java>
      <Params>
        <Param>
          <Type>System.String</Type>
          <Name>name</Name>
        </Param>
      </Params>
      <Name>GetAttribute</Name>
      <Return>System.String</Return>
    </Method>
    <Method>
      <Imports />
      <Java>${this:16}.readElementString()</Java>
      <Params />
      <Name>ReadElementString</Name>
      <Return>System.String</Return>
    </Method>
    <Method>
      <Imports />
      <Java>${this:16}.skip()</Java>
      <Params />
      <Name>Skip</Name>
      <Return>System.Void</Return>
    </Method>
    <Method>
      <Imports />
      <Java>${this:16}.readEndElement()</Java>
      <Params />
      <Name>ReadEndElement</Name>
      <Return>System.Void</Return>
    </Method>
  </Methods>
  <Properties />
  <Events />
  <Indexers />
  <Constructors />
  <Fields />
  <Casts />
  <UnaryOps />
  <BinaryOps />
<Signature xmlns="http://www.w3.org/2000/09/xmldsig#"><SignedInfo><CanonicalizationMethod Algorithm="http://www.w3.org/TR/2001/REC-xml-c14n-20010315" /><SignatureMethod Algorithm="http://www.w3.org/2000/09/xmldsig#rsa-sha1" /><Reference URI=""><Transforms><Transform Algorithm="http://www.w3.org/2000/09/xmldsig#enveloped-signature" /></Transforms><DigestMethod Algorithm="http://www.w3.org/2000/09/xmldsig#sha1" /><DigestValue>eq7CFL5mGZD3H6hJyTy0TF4PcGs=</DigestValue></Reference></SignedInfo><SignatureValue>C3NhSArSHwYVI392TVk0Z5qXEg0mttuyQL4pYp3XlGz8PhtiIV8jruQXYm47KNawtdugMudUSO1LyLCGhm00nZF3F3ub7lPfoSom1H8hjwfllTJdUIuMThXpN2d2TpxDjStd4OVih+T3Nk+tONGlBdK8mMAkx5ScNjEni3Wz1b4=</SignatureValue></Signature></Class>
