﻿<?xml version="1.0" encoding="utf-8"?>
<!--

    This file is

    Copyright 2007,2008,2009,2010 Rustici Software, LLC
    Copyright 2010,2011 Kevin Glynn (kevin.glynn@twigletsoftware.com)

-->
<Class xmlns:xsi="http://www.w3.org/2001/XMLSchema-instance" xmlns:xsd="http://www.w3.org/2001/XMLSchema" xmlns="urn:www.twigletsoftware.com:schemas:txtemplate:1:0">
  <Imports>
    <Import>CS2JNet.System.Xml.XmlText</Import>
  </Imports>
  <Java>XmlText</Java>
  <Name>System.Xml.XmlText</Name>
  <Uses />
  <Inherits>
    <Type>System.Xml.XmlLinkedNode</Type>
  </Inherits>
  <Methods />
  <Properties />
  <Events />
  <Indexers />
  <Constructors />
  <Fields />
  <Casts />
  <UnaryOps />
  <BinaryOps />
<Signature xmlns="http://www.w3.org/2000/09/xmldsig#"><SignedInfo><CanonicalizationMethod Algorithm="http://www.w3.org/TR/2001/REC-xml-c14n-20010315" /><SignatureMethod Algorithm="http://www.w3.org/2000/09/xmldsig#rsa-sha1" /><Reference URI=""><Transforms><Transform Algorithm="http://www.w3.org/2000/09/xmldsig#enveloped-signature" /></Transforms><DigestMethod Algorithm="http://www.w3.org/2000/09/xmldsig#sha1" /><DigestValue>yH8FCSOGdJ7lFa+T8v0NbWlvcQY=</DigestValue></Reference></SignedInfo><SignatureValue>Bb5ri2SAsu7pdv4cJ8CAGXZ8/2i2NUkgZhF31NZZOmjHWkneaSROusSNLeb79rEWjQ4dUQM9HdTp2P4r26hznR9V1L71cI2uOwkH3Qt568BKO10VLgtWJXnlh8Jq65z3/gjCis1GojF/qyEq5napnAyXYAE60OaLkWsPpfidT2U=</SignatureValue></Signature></Class>
