﻿<?xml version="1.0" encoding="utf-8"?>
<!--

    This file is

    Copyright 2010,2011 Kevin Glynn (kevin.glynn@twigletsoftware.com)

-->
<Interface xmlns:xsi="http://www.w3.org/2001/XMLSchema-instance" xmlns:xsd="http://www.w3.org/2001/XMLSchema" xmlns="urn:www.twigletsoftware.com:schemas:txtemplate:1:0">
  <Imports>
    <Import>CS2JNet.System.Collections.IEnumerable</Import>
  </Imports>
  <Java>IEnumerable*[${E}]*</Java>
  <Name>System.Collections.Generic.IEnumerable</Name>
  <TypeParams>
    <Name>E</Name>
  </TypeParams>
  <Iterable>
    <ElementType>E</ElementType>
    <Java>${expr}</Java>
  </Iterable>
  <Properties>
  </Properties>
  <Methods>
    <Method>
      <Java>${this:16}.GetEnumerator()</Java>
      <Params />
      <Name>GetEnumerator</Name>
      <Return>System.Collections.Generic.IEnumerator*[E]*</Return>
    </Method>
  </Methods>
</Interface>
