﻿<?xml version="1.0" encoding="utf-8"?>
<!--

    This file is

    Copyright 2007,2008,2009,2010 Rustici Software, LLC
    Copyright 2010,2011 Kevin Glynn (kevin.glynn@twigletsoftware.com)

-->
<Class xmlns:xsi="http://www.w3.org/2001/XMLSchema-instance" xmlns:xsd="http://www.w3.org/2001/XMLSchema" xmlns="urn:www.twigletsoftware.com:schemas:txtemplate:1:0">
  <Imports />
  <Java>Object</Java>
  <Name>System.Object</Name>
  <Uses />
  <!-- very important that this doesn't inherit from system.object .... -->
  <Inherits />
  <Methods>
    <Method>
      <Imports />
      <Java>${this:16}.equals(${obj})</Java>
      <Params>
        <Param>
          <Type>System.Object</Type>
          <Name>obj</Name>
        </Param>
      </Params>
      <Name>Equals</Name>
      <Return>System.Boolean</Return>
    </Method>
    <Method>
      <Imports />
      <Java>${this:16}.toString()</Java>
      <Params />
      <Name>ToString</Name>
      <Return>System.String</Return>
    </Method>
    <Method>
      <Imports />
      <Java>String.valueOf(${this})</Java>
      <Params>
        <Param>
          <Type>System.IFormatProvider</Type>
          <Name>provider</Name>
        </Param>
      </Params>
      <Name>ToString</Name>
      <Return>System.String</Return>
    </Method>
    <Method>
      <Imports />
      <Java>${this:16}.getClass()</Java>
      <Params />
      <Name>GetType</Name>
      <Return>System.Type</Return>
    </Method>
    <Method>
      <Imports />
      <Java>${this:16}.hashCode()</Java>
      <Params />
      <Name>GetHashCode</Name>
      <Return>System.Int</Return>
    </Method>
  </Methods>
  <Properties />
  <Events />
  <Indexers />
  <Constructors />
  <Fields />
  <Casts />
  <UnaryOps />
  <BinaryOps />
<Signature xmlns="http://www.w3.org/2000/09/xmldsig#"><SignedInfo><CanonicalizationMethod Algorithm="http://www.w3.org/TR/2001/REC-xml-c14n-20010315" /><SignatureMethod Algorithm="http://www.w3.org/2000/09/xmldsig#rsa-sha1" /><Reference URI=""><Transforms><Transform Algorithm="http://www.w3.org/2000/09/xmldsig#enveloped-signature" /></Transforms><DigestMethod Algorithm="http://www.w3.org/2000/09/xmldsig#sha1" /><DigestValue>lO0gQVLDqHcaXQgIq2PG440q8bc=</DigestValue></Reference></SignedInfo><SignatureValue>QnM5/cdr0DRy8x5/x7GbGpMmrD9RjPPy92qrcv8sdBddGA0qs543FO0aCZW+2wCmlQhfL7L3RjjkJMnyOV96m+igbaD1eUfo9BAvldYNUQAi5TFoiS2W8zBCj8kQ3qstBeISQYfQ4Ri9t/Eb1BIknCLhcQ6JpKEa1xqwyYKN4+I=</SignatureValue></Signature></Class>
