﻿<?xml version="1.0" encoding="utf-8"?>
<!--

    This file is

    Copyright 2007,2008,2009,2010 Rustici Software, LLC
    Copyright 2010,2011 Kevin Glynn (kevin.glynn@twigletsoftware.com)

-->
<Class xmlns:xsi="http://www.w3.org/2001/XMLSchema-instance" xmlns:xsd="http://www.w3.org/2001/XMLSchema" xmlns="urn:www.twigletsoftware.com:schemas:txtemplate:1:0">
  <Imports />
  <Java>StringSplitOptions</Java>
  <Name>System.StringSplitOptions</Name>
  <Uses />
  <Inherits> <Type>System.Object</Type> </Inherits>
  <Methods />
  <Properties>
    <Property>
      <Imports>
        <Import>CS2JNet.System.StringSplitOptions</Import>
      </Imports>
      <Java>StringSplitOptions.None</Java>
      <Type>System.StringSplitOptions</Type>
      <Name>None</Name>
      <Get>StringSplitOptions.None</Get>
      <Set>${this:16}.setNone(${value})</Set>
    </Property>
    <Property>
      <Imports>
        <Import>CS2JNet.System.StringSplitOptions</Import>
      </Imports>
      <Java>StringSplitOptions.RemoveEmptyEntries</Java>
      <Type>System.StringSplitOptions</Type>
      <Name>RemoveEmptyEntries</Name>
      <Get>StringSplitOptions.RemoveEmptyEntries</Get>
      <Set>${this:16}.setRemoveEmptyEntries(${value})</Set>
    </Property>
  </Properties>
  <Events />
  <Indexers />
  <Constructors />
  <Fields />
  <Casts />
  <UnaryOps />
  <BinaryOps />
<Signature xmlns="http://www.w3.org/2000/09/xmldsig#"><SignedInfo><CanonicalizationMethod Algorithm="http://www.w3.org/TR/2001/REC-xml-c14n-20010315" /><SignatureMethod Algorithm="http://www.w3.org/2000/09/xmldsig#rsa-sha1" /><Reference URI=""><Transforms><Transform Algorithm="http://www.w3.org/2000/09/xmldsig#enveloped-signature" /></Transforms><DigestMethod Algorithm="http://www.w3.org/2000/09/xmldsig#sha1" /><DigestValue>r+WIO9kVkJaKeHWtW+n8ReBKdm0=</DigestValue></Reference></SignedInfo><SignatureValue>fyEgHc1bUYS8E6M6J6oYu00Rsr7JBCY+E9eu/HTk4qpRdIlNfJf6FeEr2km8eM87rMCuRE/U+qNqMXJFpHrOSWC7neq3BcRedgJgLg72BL0vh/sLwY07yGFRQXHfrlW7WGTGXDBCDbLn6r/NpqxPnvdff9/M0G2TGCt+IEm+cwU=</SignatureValue></Signature></Class>
