﻿<?xml version="1.0" encoding="utf-8"?>
<!--

    This file is

    Copyright 2010,2011 Kevin Glynn (kevin.glynn@twigletsoftware.com)

-->
<Interface xmlns:xsi="http://www.w3.org/2001/XMLSchema-instance" xmlns:xsd="http://www.w3.org/2001/XMLSchema" xmlns="urn:www.twigletsoftware.com:schemas:txtemplate:1:0">
  <Imports>
    <Import>CS2JNet.System.Collections.IEnumerator</Import>
  </Imports>
  <Java>IEnumerator</Java>
  <Name>System.Collections.IEnumerator</Name>
  <Methods>
    <Method>
      <Java>${this:16}.MoveNext()</Java>
      <Params />
      <Name>MoveNext</Name>
      <Return>System.Boolean</Return>
    </Method>
  </Methods>
  <Properties>
    <Property>
      <Type>System.Object</Type>
      <Name>Current</Name>
      <Get>${this:16}.getCurrent()</Get>
    </Property>
  </Properties>
<Signature xmlns="http://www.w3.org/2000/09/xmldsig#"><SignedInfo><CanonicalizationMethod Algorithm="http://www.w3.org/TR/2001/REC-xml-c14n-20010315" /><SignatureMethod Algorithm="http://www.w3.org/2000/09/xmldsig#rsa-sha1" /><Reference URI=""><Transforms><Transform Algorithm="http://www.w3.org/2000/09/xmldsig#enveloped-signature" /></Transforms><DigestMethod Algorithm="http://www.w3.org/2000/09/xmldsig#sha1" /><DigestValue>v56mczwUvorMNDNHxMBbitpqKtg=</DigestValue></Reference></SignedInfo><SignatureValue>iTCnuUOO47VqqCe6o6fehIwZT5YpDdxiPSL16Hulgqmi9eluaxDpujjDB52jQ1n+brohGxPI09NtRZ+1E1JsnBPLGmlUvzT4X4raEN2aciexfpKRQTN2ek+sHvIzf5Wbj0i4GtCeiFdT5e0XuszTXMU/qNi09Uuqey6PagcIdas=</SignatureValue></Signature></Interface>
