﻿<?xml version="1.0" encoding="utf-8"?>
<!--

    This file is

    Copyright 2007,2008,2009,2010 Rustici Software, LLC
    Copyright 2010,2011 Kevin Glynn (kevin.glynn@twigletsoftware.com)

-->
<Class xmlns:xsi="http://www.w3.org/2001/XMLSchema-instance" xmlns:xsd="http://www.w3.org/2001/XMLSchema" xmlns="urn:www.twigletsoftware.com:schemas:txtemplate:1:0">
  <Imports>
    <Import>java.util.regex.Pattern</Import>
  </Imports>
  <Java>Pattern</Java>
  <Name>System.Text.RegularExpressions.Group</Name>
  <Uses />
  <Inherits>
    <Type>System.Text.RegularExpressions.Capture</Type>
  </Inherits>
  <Methods />
  <Properties>
    <Property>
      <Imports />
      <Java>${this:16}.find()</Java>
      <Type>System.Boolean</Type>
      <Name>Success</Name>
      <Get>${this:16}.find()</Get>
      <Set>${this:16}.setSuccess(${value})</Set>
    </Property>
    <Property>
      <Imports />
      <Type>System.String</Type>
      <Name>Value</Name>
      <Get>${this:16}.getValue()</Get>
    </Property>
  </Properties>
  <Events />
  <Indexers />
  <Constructors>
    <Constructor>
      <Imports>
        <Import>java.util.regex.Pattern</Import>
      </Imports>
      <Java>new Pattern()</Java>
      <Params />
    </Constructor>
    <Constructor>
      <Imports>
        <Import>java.util.regex.Pattern</Import>
      </Imports>
      <Java>new Pattern(${pattern})</Java>
      <Params>
        <Param>
          <Type>System.String</Type>
          <Name>pattern</Name>
        </Param>
      </Params>
    </Constructor>
  </Constructors>
  <Fields />
  <Casts />
  <UnaryOps />
  <BinaryOps />
<Signature xmlns="http://www.w3.org/2000/09/xmldsig#"><SignedInfo><CanonicalizationMethod Algorithm="http://www.w3.org/TR/2001/REC-xml-c14n-20010315" /><SignatureMethod Algorithm="http://www.w3.org/2000/09/xmldsig#rsa-sha1" /><Reference URI=""><Transforms><Transform Algorithm="http://www.w3.org/2000/09/xmldsig#enveloped-signature" /></Transforms><DigestMethod Algorithm="http://www.w3.org/2000/09/xmldsig#sha1" /><DigestValue>HHgJw8pz2dyaDSliRG9YLwoYTis=</DigestValue></Reference></SignedInfo><SignatureValue>bneuLTN5TRsqJ/E5KUadNfh/+e0ALX97MLYtmhrH5ycC9duJmo4LzhJUzhtKF61TxfYKbxK4vNhCKshxIDkcy6qxHlFceg4UcAHu/aV4FnTqtopbqQj/6FYAPIJimzHpWSPyD1WDFpMNHrbuEaA1hPQ6Ib0xi8i2rKcp0QxaorM=</SignatureValue></Signature></Class>
