﻿<?xml version="1.0" encoding="utf-8"?>
<!--

    This file is

    Copyright 2007,2008,2009,2010 Rustici Software, LLC
    Copyright 2010,2011 Kevin Glynn (kevin.glynn@twigletsoftware.com)

-->
<Class xmlns:xsi="http://www.w3.org/2001/XMLSchema-instance" xmlns:xsd="http://www.w3.org/2001/XMLSchema" xmlns="urn:www.twigletsoftware.com:schemas:txtemplate:1:0">
  <Imports>
    <Import>CS2JNet.System.Text.RegularExpressions.GroupCollection</Import>
  </Imports>
  <Java>GroupCollection</Java>
  <Name>System.Text.RegularExpressions.GroupCollection</Name>
  <Uses />
  <Inherits>
    <Type>System.Collections.ICollection</Type>
  </Inherits>
  <Methods />
  <Properties />
  <Events />
  <Indexers>
    <Indexer>
      <Imports />
      <Params>
        <Param>
          <Type>System.Int32</Type>
          <Name>key</Name>
        </Param>
      </Params>
      <Type>System.Text.RegularExpressions.Group</Type>
      <Get>${this:16}.get(${key})</Get>
    </Indexer>
    <Indexer>
      <Imports />
      <Warning>CS2J does not yet support Named groups in Regular Expressions</Warning>
      <Params>
        <Param>
          <Type>System.String</Type>
          <Name>key</Name>
        </Param>
      </Params>
      <Type>System.Text.RegularExpressions.Group</Type>
      <Get>${this:16}.get(${key})</Get>
    </Indexer>
  </Indexers>
  <Constructors>
  </Constructors>
  <Fields />
  <Casts />
  <UnaryOps />
  <BinaryOps />
<Signature xmlns="http://www.w3.org/2000/09/xmldsig#"><SignedInfo><CanonicalizationMethod Algorithm="http://www.w3.org/TR/2001/REC-xml-c14n-20010315" /><SignatureMethod Algorithm="http://www.w3.org/2000/09/xmldsig#rsa-sha1" /><Reference URI=""><Transforms><Transform Algorithm="http://www.w3.org/2000/09/xmldsig#enveloped-signature" /></Transforms><DigestMethod Algorithm="http://www.w3.org/2000/09/xmldsig#sha1" /><DigestValue>V+YAmxZaFn2caR8bVggW4B0ZLIw=</DigestValue></Reference></SignedInfo><SignatureValue>aIoXe3AhfpYXSYMEDXfmaKw4hI3m5z0d5SaihKCjM0a4zjKcN7n9yRZ61NB6gPUcq01SHDvNNW9RdBUi3MPLCSiFY2q5yDGYtfcreyliivNJ77zvO4PsFHOoGOFNDG2caStVvNnbibiK+VOqe0BTf3yeeyX2oIj74XyNd1VxWfo=</SignatureValue></Signature></Class>
