﻿<?xml version="1.0" encoding="utf-8"?>
<!--

    This file is

    Copyright 2007,2008,2009,2010 Rustici Software, LLC
    Copyright 2010,2011 Kevin Glynn (kevin.glynn@twigletsoftware.com)

-->
<Class xmlns:xsi="http://www.w3.org/2001/XMLSchema-instance" xmlns:xsd="http://www.w3.org/2001/XMLSchema" xmlns="urn:www.twigletsoftware.com:schemas:txtemplate:1:0">
  <Imports>
    <Import>java.util.List</Import>
    <Import>CS2JNet.System.Text.RegularExpressions.Match</Import>
  </Imports>
  <Java>List*[Match]*</Java>
  <Name>System.Text.RegularExpressions.MatchCollection</Name>
  <Uses />
  <Inherits>
    <Type>System.Collections.Generic.IList*[System.Text.RegularExpressions.Match]*</Type>
  </Inherits>
  <Methods />
  <Properties />
  <Events />
  <Indexers>
  </Indexers>
  <Constructors>
  </Constructors>
  <Fields />
  <Casts />
  <UnaryOps />
  <BinaryOps />
<Signature xmlns="http://www.w3.org/2000/09/xmldsig#"><SignedInfo><CanonicalizationMethod Algorithm="http://www.w3.org/TR/2001/REC-xml-c14n-20010315" /><SignatureMethod Algorithm="http://www.w3.org/2000/09/xmldsig#rsa-sha1" /><Reference URI=""><Transforms><Transform Algorithm="http://www.w3.org/2000/09/xmldsig#enveloped-signature" /></Transforms><DigestMethod Algorithm="http://www.w3.org/2000/09/xmldsig#sha1" /><DigestValue>KCyvQJ1d1v7kaMlyIh7LY6lVjLk=</DigestValue></Reference></SignedInfo><SignatureValue>Eu5VnS+IL3Wj/EheIE6WOymd7IyBO1VqPgipVC1tvIEyCIieM6J152lfPL66culI0uKBgkTSW+GIC9mwoW9mZWQSUMCtFrViUHtucsNfQrz91c8GQ8KIyE/o1KWZ2GmUywKjsBbIS7lvYSKLalb1LVxBTfyn5kvskagMnrqjw4M=</SignatureValue></Signature></Class>
