﻿<?xml version="1.0" encoding="utf-8"?>
<!--

    This file is

    Copyright 2007,2008,2009,2010 Rustici Software, LLC
    Copyright 2010,2011 Kevin Glynn (kevin.glynn@twigletsoftware.com)

-->
<Class xmlns:xsi="http://www.w3.org/2001/XMLSchema-instance" xmlns:xsd="http://www.w3.org/2001/XMLSchema" xmlns="urn:www.twigletsoftware.com:schemas:txtemplate:1:0">
  <Imports>
    <Import>java.util.regex.Pattern</Import>
  </Imports>
  <Java>Pattern</Java>
  <Name>System.Text.RegularExpressions.Regex</Name>
  <Uses />
  <Inherits> <Type>System.Object</Type> </Inherits>
  <Methods>
    <Method>
      <Imports>
        <Import>CS2JNet.System.Text.RegularExpressions.Match</Import>
      </Imports>
      <Java>Match.mk(${this}, ${input})</Java>
      <Params>
        <Param>
          <Type>System.String</Type>
          <Name>input</Name>
        </Param>
      </Params>
      <Name>Match</Name>
      <Return>System.Text.RegularExpressions.Match</Return>
    </Method>
    <Method>
      <Imports>
        <Import>CS2JNet.System.Text.RegularExpressions.Match</Import>
      </Imports>
      <Java>Match.mk(${this}, ${input}, ${startat})</Java>
      <Params>
        <Param>
          <Type>System.String</Type>
          <Name>input</Name>
        </Param>
        <Param>
          <Type>System.Int32</Type>
          <Name>startat</Name>
        </Param>
      </Params>
      <Name>Match</Name>
      <Return>System.Text.RegularExpressions.Match</Return>
    </Method>
    <Method>
      <Imports>
        <Import>CS2JNet.System.Text.RegularExpressions.Match</Import>
      </Imports>
      <Java>Match.mkMatches(${this}, ${input})</Java>
      <Params>
        <Param>
          <Type>System.String</Type>
          <Name>input</Name>
        </Param>
      </Params>
      <Name>Matches</Name>
      <Return>System.Collections.Generic.Collection*[Match]*</Return>
    </Method>
    <Method>
      <Imports />
      <Java>${this:16}.matcher(${input}).matches()</Java>
      <Params>
        <Param>
          <Type>System.String</Type>
          <Name>input</Name>
        </Param>
      </Params>
      <Name>IsMatch</Name>
      <Return>System.Boolean</Return>
    </Method>
    <Method>
      <Imports>
        <Import>java.util.regex.Pattern</Import>
      </Imports>
      <Java>Pattern.compile(${pattern}).matcher(${input}).matches()</Java>
      <Params>
        <Param>
          <Type>System.String</Type>
          <Name>input</Name>
        </Param>
        <Param>
          <Type>System.String</Type>
          <Name>pattern</Name>
        </Param>
      </Params>
      <Name>IsMatch</Name>
      <Return>System.Boolean</Return>
    </Method>
    <Method>
      <Imports>
        <Import>java.util.regex.Pattern</Import>
      </Imports>
      <Java>Pattern.compile(${pattern}).matcher(${input}).replaceAll(${replacement})</Java>
      <Params>
        <Param>
          <Type>System.String</Type>
          <Name>input</Name>
        </Param>
        <Param>
          <Type>System.String</Type>
          <Name>pattern</Name>
        </Param>
        <Param>
          <Type>System.String</Type>
          <Name>replacement</Name>
        </Param>
      </Params>
      <Name>Replace</Name>
      <Return>System.String</Return>
    </Method>
  </Methods>
  <Properties />
  <Events />
  <Indexers />
  <Constructors>
    <Constructor>
      <Imports>
        <Import>java.util.regex.Pattern</Import>
      </Imports>
      <Java>new Pattern()</Java>
      <Params />
    </Constructor>
    <Constructor>
      <Imports>
        <Import>java.util.regex.Pattern</Import>
      </Imports>
      <Java>Pattern.compile(${pattern})</Java>
      <Params>
        <Param>
          <Type>System.String</Type>
          <Name>pattern</Name>
        </Param>
      </Params>
    </Constructor>
    <Constructor>
      <Imports>
        <Import>java.util.regex.Pattern</Import>
      </Imports>
      <Java>Pattern.compile(${pattern}, ${options})</Java>
      <Params>
        <Param>
          <Type>System.String</Type>
          <Name>pattern</Name>
        </Param>
        <Param>
          <Type>System.Text.RegularExpressions.RegexOptions</Type>
          <Name>options</Name>
        </Param>
      </Params>
    </Constructor>
  </Constructors>
  <Fields />
  <Casts />
  <UnaryOps />
  <BinaryOps />
<Signature xmlns="http://www.w3.org/2000/09/xmldsig#"><SignedInfo><CanonicalizationMethod Algorithm="http://www.w3.org/TR/2001/REC-xml-c14n-20010315" /><SignatureMethod Algorithm="http://www.w3.org/2000/09/xmldsig#rsa-sha1" /><Reference URI=""><Transforms><Transform Algorithm="http://www.w3.org/2000/09/xmldsig#enveloped-signature" /></Transforms><DigestMethod Algorithm="http://www.w3.org/2000/09/xmldsig#sha1" /><DigestValue>2L0LrpxOJ89g58nt26NVUCw9cK0=</DigestValue></Reference></SignedInfo><SignatureValue>SN46Z97bBVaKZgH+6A2SOl0BMxmlyo3l6EPNyWK3Mc9XVDEjZEOwRrMNAUwvvHTOnE+BTCPsNsNxpL+JNouD9Gd4J9zeVmehajblTHmnh2rbTKTo13Pf3T5/k5CXRPrAc8/qVHY8t/OB3rf2V/6a/hnzTKwBzliSMBsYOtcRqUQ=</SignatureValue></Signature></Class>
