﻿<?xml version="1.0" encoding="utf-8"?>
<!--

    This file is

    Copyright 2007,2008,2009,2010 Rustici Software, LLC
    Copyright 2010,2011 Kevin Glynn (kevin.glynn@twigletsoftware.com)

-->
<Class xmlns:xsi="http://www.w3.org/2001/XMLSchema-instance" xmlns:xsd="http://www.w3.org/2001/XMLSchema" xmlns="urn:www.twigletsoftware.com:schemas:txtemplate:1:0">
  <Imports />
  <Java>ArgumentException</Java>
  <Name>System.ArgumentException</Name>
  <Uses />
  <Inherits>
    <Type>System.SystemException</Type>
  </Inherits>
  <Methods />
  <Properties />
  <Events />
  <Indexers />
  <Constructors>
    <Constructor>
      <Imports />
      <Java>new ArgumentException()</Java>
      <Params />
    </Constructor>
    <Constructor>
      <Imports>
        <Import>CS2JNet.System.ArgumentException</Import>
      </Imports>
      <Java>new ArgumentException(${message})</Java>
      <Params>
        <Param>
          <Type>System.String</Type>
          <Name>message</Name>
        </Param>
      </Params>
    </Constructor>
    <Constructor>
      <Imports />
      <Java>new ArgumentException(${info},${ctxt})</Java>
      <Params>
        <Param>
          <Type>System.SerializationInfo</Type>
          <Name>info</Name>
        </Param>
        <Param>
          <Type>System.StreamingContext</Type>
          <Name>ctxt</Name>
        </Param>
      </Params>
    </Constructor>
    <Constructor>
      <Imports>
        <Import>CS2JNet.System.ArgumentException</Import>
      </Imports>
      <Java>new ArgumentException(${message}, ${inner})</Java>
      <Params>
        <Param>
          <Type>System.String</Type>
          <Name>message</Name>
        </Param>
        <Param>
          <Type>System.Exception</Type>
          <Name>inner</Name>
        </Param>
      </Params>
    </Constructor>
    <Constructor>
      <Imports>
        <Import>CS2JNet.System.ArgumentException</Import>
      </Imports>
      <Java>new ArgumentException(${message}, ${paramName})</Java>
      <Params>
        <Param>
          <Type>System.String</Type>
          <Name>message</Name>
        </Param>
        <Param>
          <Type>System.String</Type>
          <Name>paramName</Name>
        </Param>
      </Params>
    </Constructor>
    <Constructor>
      <Imports>
        <Import>CS2JNet.System.ArgumentException</Import>
      </Imports>
      <Java>new ArgumentException(${message}, ${paramName}, ${inner})</Java>
      <Params>
        <Param>
          <Type>System.String</Type>
          <Name>message</Name>
        </Param>
        <Param>
          <Type>System.String</Type>
          <Name>paramName</Name>
        </Param>
        <Param>
          <Type>System.Exception</Type>
          <Name>inner</Name>
        </Param>
      </Params>
    </Constructor>
  </Constructors>
  <Fields />
  <Casts />
  <UnaryOps />
  <BinaryOps />
<Signature xmlns="http://www.w3.org/2000/09/xmldsig#"><SignedInfo><CanonicalizationMethod Algorithm="http://www.w3.org/TR/2001/REC-xml-c14n-20010315" /><SignatureMethod Algorithm="http://www.w3.org/2000/09/xmldsig#rsa-sha1" /><Reference URI=""><Transforms><Transform Algorithm="http://www.w3.org/2000/09/xmldsig#enveloped-signature" /></Transforms><DigestMethod Algorithm="http://www.w3.org/2000/09/xmldsig#sha1" /><DigestValue>Y4yxDrGpA33OvePneLd+HYMTp6k=</DigestValue></Reference></SignedInfo><SignatureValue>Lncr7yNaFrSKNLGZicNP+svC65lLZ2oKBZpxETz5u1/qO7SRq4ifSF5QS1MPM/54VjbPowMvQxoKntDn5keH4Kkq9YNcheIMT9/gI6PPnRPERtFe2npzbmMKWvju6Vxvqdw4hKL3VWyF/fYtfF2raZsJ93GsbJkk/igOG9Ba2nw=</SignatureValue></Signature></Class>
