﻿<?xml version="1.0" encoding="utf-8"?>
<!--

    This file is

    Copyright 2007,2008,2009,2010 Rustici Software, LLC
    Copyright 2010,2011 Kevin Glynn (kevin.glynn@twigletsoftware.com)

-->
<Interface xmlns:xsi="http://www.w3.org/2001/XMLSchema-instance" xmlns:xsd="http://www.w3.org/2001/XMLSchema" xmlns="urn:www.twigletsoftware.com:schemas:txtemplate:1:0">
  <Imports />
  <Java>IComparable</Java>
  <Name>System.IComparable</Name>
  <Uses />
  <Inherits> <Type>System.Object</Type> </Inherits>
  <Methods>
    <Method>
      <Imports />
      <Java>${this:16}.Compare(${arg})</Java>
      <Params>
        <Param>
          <Type>System.Object</Type>
          <Name>arg</Name>
        </Param>
      </Params>
      <Name>CompareTo</Name>
      <Return>System.Int32</Return>
    </Method>
  </Methods>
  <Properties />
  <Events />
  <Indexers />
<Signature xmlns="http://www.w3.org/2000/09/xmldsig#"><SignedInfo><CanonicalizationMethod Algorithm="http://www.w3.org/TR/2001/REC-xml-c14n-20010315" /><SignatureMethod Algorithm="http://www.w3.org/2000/09/xmldsig#rsa-sha1" /><Reference URI=""><Transforms><Transform Algorithm="http://www.w3.org/2000/09/xmldsig#enveloped-signature" /></Transforms><DigestMethod Algorithm="http://www.w3.org/2000/09/xmldsig#sha1" /><DigestValue>QW7zplxnu6rYgpu0uqJgggP3fSo=</DigestValue></Reference></SignedInfo><SignatureValue>GeWHzaqovCST5IYkoACbZgKIpSm6bx4FprDZMyTVZKddmTlLTp3cbhXJso2GxzEhz8cfbRac8axPMLLPtnZa3qEv+7zAsSJKcHglIpQMbfoP5jNUiEFo6LIodpU7BTxzFS+PEC8hLFSxUwKpWqGnnL+sx1Ie34EYgOcRNCDwQU8=</SignatureValue></Signature></Interface>
